Workbook

Sheet Cleaned DATA
A1: PORT CODE | B1: DATE | C1: IEC | D1: HS CODE | E1: GOODS DESCRIPTION | F1: Master category | G1: Model Name | H1: Model Number | I1: Capacity | J1: Qty | K1: Unit of measure | L1: Price | M1: Unit of measure2 | N1: QUANTITY | O1: UNIT | P1: UNIT PRICE_INR | Q1: TOTAL VALUE_INR | R1: UNIT PRICE_USD | S1: TOTAL VALUE_USD | T1: DUTY PAID_INR | U1: Grand Total_INR | V1: Year | W1: Main Category | X1: Sub Category
A2: INNSA1 | B2: 2025-10-28 | C2: 0301049751 | D2: 73239990 | E2: TH5170 STEEL CUTLERY HOLDER (QTY:600 PCS/USD 2.03 PER PCS) TH5170 STEEL CUTLERY HOLDER (QTY:600 PCS/USD 2.03 PER PCS) | F2: {=_xlfn.LET( _xlpm.txt, E2, _xlpm.clean, TRIM(_xlfn.REGEXREPLACE(_xlpm.txt, "\(QTY[^)]*\)", "")), _xlpm.noBrackets, TRIM(SUBSTITUTE(SUBSTITUTE(_xlpm.clean, "(", ""), ")", "")), _xlpm.words, _xlfn.TEXTSPLIT(_xlpm.noBrackets, " "), _xlpm.firstCode, INDEX(_xlpm.words, 1), _xlpm.category, INDEX(_xlpm.words, 2), _xlpm.category )} -> STEEL | G2: {=_xlfn.LET( _xlpm.txt, TRIM(E2), _xlpm.posQTY, IFERROR(FIND("(QTY", _xlpm.txt, 1), 0), _xlpm.firstSpace, FIND(" ", _xlpm.txt & " "), _xlpm.afterFirst, TRIM(MID(_xlpm.txt, _xlpm.firstSpace+1, 9999)), _xlpm.namePart, IF(_xlpm.posQTY>0, _xlfn.TEXTBEFORE(_xlpm.afterFirst, "(QTY"), IFERROR(_xlfn.TEXTBEFORE(_xlpm.afterFirst, "("), _xlpm.afterFirst)), TRIM(_xlpm.namePart) )} -> STEEL CUTLERY HOLDER | H2: =IFERROR( IF( AND(ISNUMBER(FIND("(",E2)), NOT(ISNUMBER(SEARCH("QTY", _xlfn.TEXTBEFORE(_xlfn.TEXTAFTER(E2,"("), ")")))) ), _xlfn.TEXTBEFORE(_xlfn.TEXTAFTER(E2,"("), ")"), LEFT(E2, FIND(" ", E2 & " ") - 1) ), "") -> TH5170 | I2: {=_xlfn.LET( _xlpm.txt, E2, _xlpm.afterQty, IFERROR(_xlfn.TEXTAFTER(_xlpm.txt, "QTY:"), ""), _xlpm.numberText, TRIM(_xlfn.TEXTBEFORE(_xlpm.afterQty, " ")), _xlpm.cleanNum, SUBSTITUTE(_xlpm.numberText, ",", ""), IF(ISNUMBER(--_xlpm.cleanNum), --_xlpm.cleanNum, "") )} -> 600 | J2: {=_xlfn.LET( _xlpm.txt, E2, _xlpm.afterQ, IFERROR(_xlfn.TEXTAFTER(_xlpm.txt,"QTY:"), IFERROR(_xlfn.TEXTAFTER(_xlpm.txt,"QTY "), IFERROR(_xlfn.TEXTAFTER(_xlpm.txt,"(QTY"), ""))), _xlpm.token, TRIM(IF(_xlpm.afterQ="","", _xlfn.TEXTBEFORE(_xlpm.afterQ, "/"))), _xlpm.numPart, IFERROR(LEFT(_xlpm.token, FIND(" ", _xlpm.token)-1), _xlpm.token), _xlpm.cleanNum, SUBSTITUTE(_xlpm.numPart, ",",""), IF(_xlpm.cleanNum="", "", VALUE(_xlpm.cleanNum)) )} -> 600 | K2: {=_xlfn.LET( _xlpm.txt, E2, _xlpm.afterQ, IFERROR(_xlfn.TEXTAFTER(_xlpm.txt,"QTY:"), IFERROR(_xlfn.TEXTAFTER(_xlpm.txt,"QTY "), IFERROR(_xlfn.TEXTAFTER(_xlpm.txt,"(QTY"), ""))), _xlpm.token, TRIM(IF(_xlpm.afterQ="","", _xlfn.TEXTBEFORE(_xlpm.afterQ, "/"))), _xlpm.unitRaw, UPPER(TRIM(RIGHT(_xlpm.token, LEN(_xlpm.token) - FIND("@", SUBSTITUTE(_xlpm.token," ","@", LEN(_xlpm.token)-LEN(SUBSTITUTE(_xlpm.token," ",""))))))), _xlpm.unitRaw )} -> PCS | L2: {=IFERROR( _xlfn.LET( _xlpm.txt, E2, _xlpm.usdPart, TRIM(_xlfn.TEXTAFTER(_xlpm.txt, "USD")), _xlpm.chars, MID(_xlpm.usdPart, ROW(INDIRECT("1:" & LEN(_xlpm.usdPart))), 1), _xlpm.keep, "0123456789.", _xlpm.filtered, _xlfn.TEXTJOIN("", TRUE, IF(ISNUMBER(FIND(_xlpm.chars, _xlpm.keep)), _xlpm.chars, " ")), _xlpm.firstNum, TRIM(INDEX(_xlfn.TEXTSPLIT(_xlpm.filtered," "),1)), IF(_xlpm.firstNum="", "", VALUE(_xlpm.firstNum)) ), "")} -> 2.03 | M2: =IF(OR(K2="PCS",K2="PC",K2="NOS"),"PCS", IF(OR(K2="SET",K2="SETS"),"SET", IF(K2="PKT","PACK","OTHER"))) -> PCS | N2: 290 | O2: KGS | P2: 401.72531 | Q2: 116500.34 | R2: 4.5290339 | S2: 1313.4198 | T2: 32736.6 | U2: =P2+R2 -> 406.25434 | V2: =YEAR(B2) -> 2025 | W2: =IFERROR(VLOOKUP(VALUE(D2),'HSN Lookup'!$A:$B,2,0),"Unknown") -> Household Steel Items | X2: =IF(ISNUMBER(SEARCH("SCRUBBER",G2)),"Scrubber", IF(ISNUMBER(SEARCH("STRAINER",G2)),"Tea Strainer", IF(ISNUMBER(SEARCH("BASKET",G2)),"Basket", IF(ISNUMBER(SEARCH("HANGER",G2)),"Hanger", IF(ISNUMBER(SEARCH("STAND",G2)),"Cloth Stand", IF(ISNUMBER(SEARCH("SPRINKLER",G2)),"Sprinkler", IF(ISNUMBER(SEARCH("HOLDER",G2)),"Holder", IF(ISNUMBER(SEARCH("LUNCH BOX",G2)),"Lunch Box", "Other")))))))) -> Holder
A3: INNSA1 | B3: 2025-10-28 | C3: 0301049751 | D3: 73231000 | E3: 8001-2 STEEL SCRUBBER 2PCS SET (QTY: 336000 SETS/USD 0.139 PER SETS)8001-2 STEEL SCRUBBER 2PCS SET (QTY: 336000 SETS/USD 0.139 P | F3: {=_xlfn.LET( _xlpm.txt, E3, _xlpm.clean, TRIM(_xlfn.REGEXREPLACE(_xlpm.txt, "\(QTY[^)]*\)", "")), _xlpm.noBrackets, TRIM(SUBSTITUTE(SUBSTITUTE(_xlpm.clean, "(", ""), ")", "")), _xlpm.words, _xlfn.TEXTSPLIT(_xlpm.noBrackets, " "), _xlpm.firstCode, INDEX(_xlpm.words, 1), _xlpm.category, INDEX(_xlpm.words, 2), _xlpm.category )} -> STEEL | G3: {=_xlfn.LET( _xlpm.txt, TRIM(E3), _xlpm.posQTY, IFERROR(FIND("(QTY", _xlpm.txt, 1), 0), _xlpm.firstSpace, FIND(" ", _xlpm.txt & " "), _xlpm.afterFirst, TRIM(MID(_xlpm.txt, _xlpm.firstSpace+1, 9999)), _xlpm.namePart, IF(_xlpm.posQTY>0, _xlfn.TEXTBEFORE(_xlpm.afterFirst, "(QTY"), IFERROR(_xlfn.TEXTBEFORE(_xlpm.afterFirst, "("), _xlpm.afterFirst)), TRIM(_xlpm.namePart) )} -> STEEL SCRUBBER 2PCS SET | H3: =IFERROR( IF( AND(ISNUMBER(FIND("(",E3)), NOT(ISNUMBER(SEARCH("QTY", _xlfn.TEXTBEFORE(_xlfn.TEXTAFTER(E3,"("), ")")))) ), _xlfn.TEXTBEFORE(_xlfn.TEXTAFTER(E3,"("), ")"), LEFT(E3, FIND(" ", E3 & " ") - 1) ), "") -> 8001-2 | I3: {=_xlfn.LET( _xlpm.txt, E3, _xlpm.afterQty, IFERROR(_xlfn.TEXTAFTER(_xlpm.txt, "QTY:"), ""), _xlpm.numberText, TRIM(_xlfn.TEXTBEFORE(_xlpm.afterQty, " ")), _xlpm.cleanNum, SUBSTITUTE(_xlpm.numberText, ",", ""), IF(ISNUMBER(--_xlpm.cleanNum), --_xlpm.cleanNum, "") )} | J3: {=_xlfn.LET( _xlpm.txt, E3, _xlpm.afterQ, IFERROR(_xlfn.TEXTAFTER(_xlpm.txt,"QTY:"), IFERROR(_xlfn.TEXTAFTER(_xlpm.txt,"QTY "), IFERROR(_xlfn.TEXTAFTER(_xlpm.txt,"(QTY"), ""))), _xlpm.token, TRIM(IF(_xlpm.afterQ="","", _xlfn.TEXTBEFORE(_xlpm.afterQ, "/"))), _xlpm.numPart, IFERROR(LEFT(_xlpm.token, FIND(" ", _xlpm.token)-1), _xlpm.token), _xlpm.cleanNum, SUBSTITUTE(_xlpm.numPart, ",",""), IF(_xlpm.cleanNum="", "", VALUE(_xlpm.cleanNum)) )} -> 336000 | K3: {=_xlfn.LET( _xlpm.txt, E3, _xlpm.afterQ, IFERROR(_xlfn.TEXTAFTER(_xlpm.txt,"QTY:"), IFERROR(_xlfn.TEXTAFTER(_xlpm.txt,"QTY "), IFERROR(_xlfn.TEXTAFTER(_xlpm.txt,"(QTY"), ""))), _xlpm.token, TRIM(IF(_xlpm.afterQ="","", _xlfn.TEXTBEFORE(_xlpm.afterQ, "/"))), _xlpm.unitRaw, UPPER(TRIM(RIGHT(_xlpm.token, LEN(_xlpm.token) - FIND("@", SUBSTITUTE(_xlpm.token," ","@", LEN(_xlpm.token)-LEN(SUBSTITUTE(_xlpm.token," ",""))))))), _xlpm.unitRaw )} -> SETS | L3: {=IFERROR( _xlfn.LET( _xlpm.txt, E3, _xlpm.usdPart, TRIM(_xlfn.TEXTAFTER(_xlpm.txt, "USD")), _xlpm.chars, MID(_xlpm.usdPart, ROW(INDIRECT("1:" & LEN(_xlpm.usdPart))), 1), _xlpm.keep, "0123456789.", _xlpm.filtered, _xlfn.TEXTJOIN("", TRUE, IF(ISNUMBER(FIND(_xlpm.chars, _xlpm.keep)), _xlpm.chars, " ")), _xlpm.firstNum, TRIM(INDEX(_xlfn.TEXTSPLIT(_xlpm.filtered," "),1)), IF(_xlpm.firstNum="", "", VALUE(_xlpm.firstNum)) ), "")} -> 0.139 | M3: =IF(OR(K3="PCS",K3="PC",K3="NOS"),"PCS", IF(OR(K3="SET",K3="SETS"),"SET", IF(K3="PKT","PACK","OTHER"))) -> SET | N3: 9800 | O3: KGS | P3: 440.60222 | Q3: 4317901.7 | R3: 4.9673305 | S3: 48679.839 | T3: 1898149.5 | U3: =P3+R3 -> 445.56955 | V3: =YEAR(B3) -> 2025 | W3: =IFERROR(VLOOKUP(VALUE(D3),'HSN Lookup'!$A:$B,2,0),"Unknown") -> Steel Scrubbers | X3: =IF(ISNUMBER(SEARCH("SCRUBBER",G3)),"Scrubber", IF(ISNUMBER(SEARCH("STRAINER",G3)),"Tea Strainer", IF(ISNUMBER(SEARCH("BASKET",G3)),"Basket", IF(ISNUMBER(SEARCH("HANGER",G3)),"Hanger", IF(ISNUMBER(SEARCH("STAND",G3)),"Cloth Stand", IF(ISNUMBER(SEARCH("SPRINKLER",G3)),"Sprinkler", IF(ISNUMBER(SEARCH("HOLDER",G3)),"Holder", IF(ISNUMBER(SEARCH("LUNCH BOX",G3)),"Lunch Box", "Other")))))))) -> Scrubber
A4: INNSA1 | B4: 2025-10-23 | C4: 0301049751 | D4: 73239990 | E4: MILD STEEL MULTI FUNCTION CLOTH STAND (RYX-02-020) (QTY: 1,232 PCS/CNY:101 PER PCS)MILD STEEL MULTI FUNCTION CLOTH STAND (RYX-02-020) (QTY: 1,2 | F4: {=_xlfn.LET( _xlpm.txt, E4, _xlpm.clean, TRIM(_xlfn.REGEXREPLACE(_xlpm.txt, "\(QTY[^)]*\)", "")), _xlpm.noBrackets, TRIM(SUBSTITUTE(SUBSTITUTE(_xlpm.clean, "(", ""), ")", "")), _xlpm.words, _xlfn.TEXTSPLIT(_xlpm.noBrackets, " "), _xlpm.firstCode, INDEX(_xlpm.words, 1), _xlpm.category, INDEX(_xlpm.words, 2), _xlpm.category )} -> STEEL | G4: {=_xlfn.LET( _xlpm.txt, TRIM(E4), _xlpm.posQTY, IFERROR(FIND("(QTY", _xlpm.txt, 1), 0), _xlpm.firstSpace, FIND(" ", _xlpm.txt & " "), _xlpm.afterFirst, TRIM(MID(_xlpm.txt, _xlpm.firstSpace+1, 9999)), _xlpm.namePart, IF(_xlpm.posQTY>0, _xlfn.TEXTBEFORE(_xlpm.afterFirst, "(QTY"), IFERROR(_xlfn.TEXTBEFORE(_xlpm.afterFirst, "("), _xlpm.afterFirst)), TRIM(_xlpm.namePart) )} -> STEEL MULTI FUNCTION CLOTH STAND (RYX-02-020) | H4: =IFERROR( IF( AND(ISNUMBER(FIND("(",E4)), NOT(ISNUMBER(SEARCH("QTY", _xlfn.TEXTBEFORE(_xlfn.TEXTAFTER(E4,"("), ")")))) ), _xlfn.TEXTBEFORE(_xlfn.TEXTAFTER(E4,"("), ")"), LEFT(E4, FIND(" ", E4 & " ") - 1) ), "") -> RYX-02-020 | I4: {=_xlfn.LET( _xlpm.txt, E4, _xlpm.afterQty, IFERROR(_xlfn.TEXTAFTER(_xlpm.txt, "QTY:"), ""), _xlpm.numberText, TRIM(_xlfn.TEXTBEFORE(_xlpm.afterQty, " ")), _xlpm.cleanNum, SUBSTITUTE(_xlpm.numberText, ",", ""), IF(ISNUMBER(--_xlpm.cleanNum), --_xlpm.cleanNum, "") )} | J4: {=_xlfn.LET( _xlpm.txt, E4, _xlpm.afterQ, IFERROR(_xlfn.TEXTAFTER(_xlpm.txt,"QTY:"), IFERROR(_xlfn.TEXTAFTER(_xlpm.txt,"QTY "), IFERROR(_xlfn.TEXTAFTER(_xlpm.txt,"(QTY"), ""))), _xlpm.token, TRIM(IF(_xlpm.afterQ="","", _xlfn.TEXTBEFORE(_xlpm.afterQ, "/"))), _xlpm.numPart, IFERROR(LEFT(_xlpm.token, FIND(" ", _xlpm.token)-1), _xlpm.token), _xlpm.cleanNum, SUBSTITUTE(_xlpm.numPart, ",",""), IF(_xlpm.cleanNum="", "", VALUE(_xlpm.cleanNum)) )} -> 1232 | K4: {=_xlfn.LET( _xlpm.txt, E4, _xlpm.afterQ, IFERROR(_xlfn.TEXTAFTER(_xlpm.txt,"QTY:"), IFERROR(_xlfn.TEXTAFTER(_xlpm.txt,"QTY "), IFERROR(_xlfn.TEXTAFTER(_xlpm.txt,"(QTY"), ""))), _xlpm.token, TRIM(IF(_xlpm.afterQ="","", _xlfn.TEXTBEFORE(_xlpm.afterQ, "/"))), _xlpm.unitRaw, UPPER(TRIM(RIGHT(_xlpm.token, LEN(_xlpm.token) - FIND("@", SUBSTITUTE(_xlpm.token," ","@", LEN(_xlpm.token)-LEN(SUBSTITUTE(_xlpm.token," ",""))))))), _xlpm.unitRaw )} -> PCS | L4: =IFERROR(_xlfn.TEXTAFTER(_xlfn.TEXTBEFORE(E4," PER"),"USD ")," ") | M4: =IF(OR(K4="PCS",K4="PC",K4="NOS"),"PCS", IF(OR(K4="SET",K4="SETS"),"SET", IF(K4="PKT","PACK","OTHER"))) -> PCS | N4: 4004 | O4: KGS | P4: 408.89366 | Q4: 1637210.2 | R4: 4.6098496 | S4: 18457.838 | T4: 460056 | U4: =P4+R4 -> 413.50351 | V4: =YEAR(B4) -> 2025 | W4: =IFERROR(VLOOKUP(VALUE(D4),'HSN Lookup'!$A:$B,2,0),"Unknown") -> Household Steel Items | X4: =IF(ISNUMBER(SEARCH("SCRUBBER",G4)),"Scrubber", IF(ISNUMBER(SEARCH("STRAINER",G4)),"Tea Strainer", IF(ISNUMBER(SEARCH("BASKET",G4)),"Basket", IF(ISNUMBER(SEARCH("HANGER",G4)),"Hanger", IF(ISNUMBER(SEARCH("STAND",G4)),"Cloth Stand", IF(ISNUMBER(SEARCH("SPRINKLER",G4)),"Sprinkler", IF(ISNUMBER(SEARCH("HOLDER",G4)),"Holder", IF(ISNUMBER(SEARCH("LUNCH BOX",G4)),"Lunch Box", "Other")))))))) -> Cloth Stand
A5: INNSA1 | B5: 2025-10-13 | C5: 0301049751 | D5: 73239990 | E5: SB-12 STEEL TEA STRAINER BIG (QTY 6336 PCS/USD 0.973 PER PCS)SB-12 STEEL TEA STRAINER BIG (QTY 6336 PCS/USD 0.973 PER PCS | F5: {=_xlfn.LET( _xlpm.txt, E5, _xlpm.clean, TRIM(_xlfn.REGEXREPLACE(_xlpm.txt, "\(QTY[^)]*\)", "")), _xlpm.noBrackets, TRIM(SUBSTITUTE(SUBSTITUTE(_xlpm.clean, "(", ""), ")", "")), _xlpm.words, _xlfn.TEXTSPLIT(_xlpm.noBrackets, " "), _xlpm.firstCode, INDEX(_xlpm.words, 1), _xlpm.category, INDEX(_xlpm.words, 2), _xlpm.category )} -> STEEL | G5: {=_xlfn.LET( _xlpm.txt, TRIM(E5), _xlpm.posQTY, IFERROR(FIND("(QTY", _xlpm.txt, 1), 0), _xlpm.firstSpace, FIND(" ", _xlpm.txt & " "), _xlpm.afterFirst, TRIM(MID(_xlpm.txt, _xlpm.firstSpace+1, 9999)), _xlpm.namePart, IF(_xlpm.posQTY>0, _xlfn.TEXTBEFORE(_xlpm.afterFirst, "(QTY"), IFERROR(_xlfn.TEXTBEFORE(_xlpm.afterFirst, "("), _xlpm.afterFirst)), TRIM(_xlpm.namePart) )} -> STEEL TEA STRAINER BIG | H5: =IFERROR( IF( AND(ISNUMBER(FIND("(",E5)), NOT(ISNUMBER(SEARCH("QTY", _xlfn.TEXTBEFORE(_xlfn.TEXTAFTER(E5,"("), ")")))) ), _xlfn.TEXTBEFORE(_xlfn.TEXTAFTER(E5,"("), ")"), LEFT(E5, FIND(" ", E5 & " ") - 1) ), "") -> SB-12 | I5: {=_xlfn.LET( _xlpm.txt, E5, _xlpm.afterQty, IFERROR(_xlfn.TEXTAFTER(_xlpm.txt, "QTY:"), ""), _xlpm.numberText, TRIM(_xlfn.TEXTBEFORE(_xlpm.afterQty, " ")), _xlpm.cleanNum, SUBSTITUTE(_xlpm.numberText, ",", ""), IF(ISNUMBER(--_xlpm.cleanNum), --_xlpm.cleanNum, "") )} | J5: {=_xlfn.LET( _xlpm.txt, E5, _xlpm.afterQ, IFERROR(_xlfn.TEXTAFTER(_xlpm.txt,"QTY:"), IFERROR(_xlfn.TEXTAFTER(_xlpm.txt,"QTY "), IFERROR(_xlfn.TEXTAFTER(_xlpm.txt,"(QTY"), ""))), _xlpm.token, TRIM(IF(_xlpm.afterQ="","", _xlfn.TEXTBEFORE(_xlpm.afterQ, "/"))), _xlpm.numPart, IFERROR(LEFT(_xlpm.token, FIND(" ", _xlpm.token)-1), _xlpm.token), _xlpm.cleanNum, SUBSTITUTE(_xlpm.numPart, ",",""), IF(_xlpm.cleanNum="", "", VALUE(_xlpm.cleanNum)) )} -> 6336 | K5: {=_xlfn.LET( _xlpm.txt, E5, _xlpm.afterQ, IFERROR(_xlfn.TEXTAFTER(_xlpm.txt,"QTY:"), IFERROR(_xlfn.TEXTAFTER(_xlpm.txt,"QTY "), IFERROR(_xlfn.TEXTAFTER(_xlpm.txt,"(QTY"), ""))), _xlpm.token, TRIM(IF(_xlpm.afterQ="","", _xlfn.TEXTBEFORE(_xlpm.afterQ, "/"))), _xlpm.unitRaw, UPPER(TRIM(RIGHT(_xlpm.token, LEN(_xlpm.token) - FIND("@", SUBSTITUTE(_xlpm.token," ","@", LEN(_xlpm.token)-LEN(SUBSTITUTE(_xlpm.token," ",""))))))), _xlpm.unitRaw )} -> PCS | L5: =IFERROR(_xlfn.TEXTAFTER(_xlfn.TEXTBEFORE(E5," PER"),"USD ")," ") -> 0.973 | M5: =IF(OR(K5="PCS",K5="PC",K5="NOS"),"PCS", IF(OR(K5="SET",K5="SETS"),"SET", IF(K5="PKT","PACK","OTHER"))) -> PCS | N5: 1548.8 | O5: KGS | P5: 378.45784 | Q5: 586155.51 | R5: 4.219151 | S5: 6534.6211 | T5: 164709.7 | U5: =P5+R5 -> 382.677 | V5: =YEAR(B5) -> 2025 | W5: =IFERROR(VLOOKUP(VALUE(D5),'HSN Lookup'!$A:$B,2,0),"Unknown") -> Household Steel Items | X5: =IF(ISNUMBER(SEARCH("SCRUBBER",G5)),"Scrubber", IF(ISNUMBER(SEARCH("STRAINER",G5)),"Tea Strainer", IF(ISNUMBER(SEARCH("BASKET",G5)),"Basket", IF(ISNUMBER(SEARCH("HANGER",G5)),"Hanger", IF(ISNUMBER(SEARCH("STAND",G5)),"Cloth Stand", IF(ISNUMBER(SEARCH("SPRINKLER",G5)),"Sprinkler", IF(ISNUMBER(SEARCH("HOLDER",G5)),"Holder", IF(ISNUMBER(SEARCH("LUNCH BOX",G5)),"Lunch Box", "Other")))))))) -> Tea Strainer
A6: INNSA1 | B6: 2025-10-13 | C6: 0301049751 | D6: 73239990 | E6: SB-12 STEEL TEA STRAINER BIG (QTY 43038 PCS/USD 0.9718 PER PCS)SB-12 STEEL TEA STRAINER BIG (QTY 43038 PCS/USD 0.9718 PER P | F6: {=_xlfn.LET( _xlpm.txt, E6, _xlpm.clean, TRIM(_xlfn.REGEXREPLACE(_xlpm.txt, "\(QTY[^)]*\)", "")), _xlpm.noBrackets, TRIM(SUBSTITUTE(SUBSTITUTE(_xlpm.clean, "(", ""), ")", "")), _xlpm.words, _xlfn.TEXTSPLIT(_xlpm.noBrackets, " "), _xlpm.firstCode, INDEX(_xlpm.words, 1), _xlpm.category, INDEX(_xlpm.words, 2), _xlpm.category )} -> STEEL | G6: {=_xlfn.LET( _xlpm.txt, TRIM(E6), _xlpm.posQTY, IFERROR(FIND("(QTY", _xlpm.txt, 1), 0), _xlpm.firstSpace, FIND(" ", _xlpm.txt & " "), _xlpm.afterFirst, TRIM(MID(_xlpm.txt, _xlpm.firstSpace+1, 9999)), _xlpm.namePart, IF(_xlpm.posQTY>0, _xlfn.TEXTBEFORE(_xlpm.afterFirst, "(QTY"), IFERROR(_xlfn.TEXTBEFORE(_xlpm.afterFirst, "("), _xlpm.afterFirst)), TRIM(_xlpm.namePart) )} -> STEEL TEA STRAINER BIG | H6: =IFERROR( IF( AND(ISNUMBER(FIND("(",E6)), NOT(ISNUMBER(SEARCH("QTY", _xlfn.TEXTBEFORE(_xlfn.TEXTAFTER(E6,"("), ")")))) ), _xlfn.TEXTBEFORE(_xlfn.TEXTAFTER(E6,"("), ")"), LEFT(E6, FIND(" ", E6 & " ") - 1) ), "") -> SB-12 | I6: {=_xlfn.LET( _xlpm.txt, E6, _xlpm.afterQty, IFERROR(_xlfn.TEXTAFTER(_xlpm.txt, "QTY:"), ""), _xlpm.numberText, TRIM(_xlfn.TEXTBEFORE(_xlpm.afterQty, " ")), _xlpm.cleanNum, SUBSTITUTE(_xlpm.numberText, ",", ""), IF(ISNUMBER(--_xlpm.cleanNum), --_xlpm.cleanNum, "") )} | J6: {=_xlfn.LET( _xlpm.txt, E6, _xlpm.afterQ, IFERROR(_xlfn.TEXTAFTER(_xlpm.txt,"QTY:"), IFERROR(_xlfn.TEXTAFTER(_xlpm.txt,"QTY "), IFERROR(_xlfn.TEXTAFTER(_xlpm.txt,"(QTY"), ""))), _xlpm.token, TRIM(IF(_xlpm.afterQ="","", _xlfn.TEXTBEFORE(_xlpm.afterQ, "/"))), _xlpm.numPart, IFERROR(LEFT(_xlpm.token, FIND(" ", _xlpm.token)-1), _xlpm.token), _xlpm.cleanNum, SUBSTITUTE(_xlpm.numPart, ",",""), IF(_xlpm.cleanNum="", "", VALUE(_xlpm.cleanNum)) )} -> 43038 | K6: {=_xlfn.LET( _xlpm.txt, E6, _xlpm.afterQ, IFERROR(_xlfn.TEXTAFTER(_xlpm.txt,"QTY:"), IFERROR(_xlfn.TEXTAFTER(_xlpm.txt,"QTY "), IFERROR(_xlfn.TEXTAFTER(_xlpm.txt,"(QTY"), ""))), _xlpm.token, TRIM(IF(_xlpm.afterQ="","", _xlfn.TEXTBEFORE(_xlpm.afterQ, "/"))), _xlpm.unitRaw, UPPER(TRIM(RIGHT(_xlpm.token, LEN(_xlpm.token) - FIND("@", SUBSTITUTE(_xlpm.token," ","@", LEN(_xlpm.token)-LEN(SUBSTITUTE(_xlpm.token," ",""))))))), _xlpm.unitRaw )} -> PCS | L6: =IFERROR(_xlfn.TEXTAFTER(_xlfn.TEXTBEFORE(E6," PER"),"USD ")," ") -> 0.9718 | M6: =IF(OR(K6="PCS",K6="PC",K6="NOS"),"PCS", IF(OR(K6="SET",K6="SETS"),"SET", IF(K6="PKT","PACK","OTHER"))) -> PCS | N6: 10042.2 | O6: KGS | P6: 399.73967 | Q6: 4014265.8 | R6: 4.4564066 | S6: 44752.127 | T6: 1128008.7 | U6: =P6+R6 -> 404.19608 | V6: =YEAR(B6) -> 2025 | W6: =IFERROR(VLOOKUP(VALUE(D6),'HSN Lookup'!$A:$B,2,0),"Unknown") -> Household Steel Items | X6: =IF(ISNUMBER(SEARCH("SCRUBBER",G6)),"Scrubber", IF(ISNUMBER(SEARCH("STRAINER",G6)),"Tea Strainer", IF(ISNUMBER(SEARCH("BASKET",G6)),"Basket", IF(ISNUMBER(SEARCH("HANGER",G6)),"Hanger", IF(ISNUMBER(SEARCH("STAND",G6)),"Cloth Stand", IF(ISNUMBER(SEARCH("SPRINKLER",G6)),"Sprinkler", IF(ISNUMBER(SEARCH("HOLDER",G6)),"Holder", IF(ISNUMBER(SEARCH("LUNCH BOX",G6)),"Lunch Box", "Other")))))))) -> Tea Strainer
A7: INNSA1 | B7: 2025-10-08 | C7: 0301049751 | D7: 73239990 | E7: STEEL HANGER WITH HOOK (SL-89) (QTY:70056 PCS/CNY:7.45 PER PCS)STEEL HANGER WITH HOOK (SL-89) (QTY:70056 PCS/:7.45 | F7: {=_xlfn.LET( _xlpm.txt, E7, _xlpm.clean, TRIM(_xlfn.REGEXREPLACE(_xlpm.txt, "\(QTY[^)]*\)", "")), _xlpm.noBrackets, TRIM(SUBSTITUTE(SUBSTITUTE(_xlpm.clean, "(", ""), ")", "")), _xlpm.words, _xlfn.TEXTSPLIT(_xlpm.noBrackets, " "), _xlpm.firstCode, INDEX(_xlpm.words, 1), _xlpm.category, INDEX(_xlpm.words, 2), _xlpm.category )} -> HANGER | G7: {=_xlfn.LET( _xlpm.txt, TRIM(E7), _xlpm.posQTY, IFERROR(FIND("(QTY", _xlpm.txt, 1), 0), _xlpm.firstSpace, FIND(" ", _xlpm.txt & " "), _xlpm.afterFirst, TRIM(MID(_xlpm.txt, _xlpm.firstSpace+1, 9999)), _xlpm.namePart, IF(_xlpm.posQTY>0, _xlfn.TEXTBEFORE(_xlpm.afterFirst, "(QTY"), IFERROR(_xlfn.TEXTBEFORE(_xlpm.afterFirst, "("), _xlpm.afterFirst)), TRIM(_xlpm.namePart) )} -> HANGER WITH HOOK (SL-89) | H7: =IFERROR( IF( AND(ISNUMBER(FIND("(",E7)), NOT(ISNUMBER(SEARCH("QTY", _xlfn.TEXTBEFORE(_xlfn.TEXTAFTER(E7,"("), ")")))) ), _xlfn.TEXTBEFORE(_xlfn.TEXTAFTER(E7,"("), ")"), LEFT(E7, FIND(" ", E7 & " ") - 1) ), "") -> SL-89 | I7: {=_xlfn.LET( _xlpm.txt, E7, _xlpm.afterQty, IFERROR(_xlfn.TEXTAFTER(_xlpm.txt, "QTY:"), ""), _xlpm.numberText, TRIM(_xlfn.TEXTBEFORE(_xlpm.afterQty, " ")), _xlpm.cleanNum, SUBSTITUTE(_xlpm.numberText, ",", ""), IF(ISNUMBER(--_xlpm.cleanNum), --_xlpm.cleanNum, "") )} -> 70056 | J7: {=_xlfn.LET( _xlpm.txt, E7, _xlpm.afterQ, IFERROR(_xlfn.TEXTAFTER(_xlpm.txt,"QTY:"), IFERROR(_xlfn.TEXTAFTER(_xlpm.txt,"QTY "), IFERROR(_xlfn.TEXTAFTER(_xlpm.txt,"(QTY"), ""))), _xlpm.token, TRIM(IF(_xlpm.afterQ="","", _xlfn.TEXTBEFORE(_xlpm.afterQ, "/"))), _xlpm.numPart, IFERROR(LEFT(_xlpm.token, FIND(" ", _xlpm.token)-1), _xlpm.token), _xlpm.cleanNum, SUBSTITUTE(_xlpm.numPart, ",",""), IF(_xlpm.cleanNum="", "", VALUE(_xlpm.cleanNum)) )} -> 70056 | K7: {=_xlfn.LET( _xlpm.txt, E7, _xlpm.afterQ, IFERROR(_xlfn.TEXTAFTER(_xlpm.txt,"QTY:"), IFERROR(_xlfn.TEXTAFTER(_xlpm.txt,"QTY "), IFERROR(_xlfn.TEXTAFTER(_xlpm.txt,"(QTY"), ""))), _xlpm.token, TRIM(IF(_xlpm.afterQ="","", _xlfn.TEXTBEFORE(_xlpm.afterQ, "/"))), _xlpm.unitRaw, UPPER(TRIM(RIGHT(_xlpm.token, LEN(_xlpm.token) - FIND("@", SUBSTITUTE(_xlpm.token," ","@", LEN(_xlpm.token)-LEN(SUBSTITUTE(_xlpm.token," ",""))))))), _xlpm.unitRaw )} -> PCS | L7: =IFERROR(_xlfn.TEXTAFTER(_xlfn.TEXTBEFORE(E7," PER"),"USD ")," ") | M7: =IF(OR(K7="PCS",K7="PC",K7="NOS"),"PCS", IF(OR(K7="SET",K7="SETS"),"SET", IF(K7="PKT","PACK","OTHER"))) -> PCS | N7: 15568 | O7: KGS | P7: 432.15818 | Q7: 6727838.5 | R7: 4.8178169 | S7: 75003.774 | T7: 1890522.7 | U7: =P7+R7 -> 436.97599 | V7: =YEAR(B7) -> 2025 | W7: =IFERROR(VLOOKUP(VALUE(D7),'HSN Lookup'!$A:$B,2,0),"Unknown") -> Household Steel Items | X7: =IF(ISNUMBER(SEARCH("SCRUBBER",G7)),"Scrubber", IF(ISNUMBER(SEARCH("STRAINER",G7)),"Tea Strainer", IF(ISNUMBER(SEARCH("BASKET",G7)),"Basket", IF(ISNUMBER(SEARCH("HANGER",G7)),"Hanger", IF(ISNUMBER(SEARCH("STAND",G7)),"Cloth Stand", IF(ISNUMBER(SEARCH("SPRINKLER",G7)),"Sprinkler", IF(ISNUMBER(SEARCH("HOLDER",G7)),"Holder", IF(ISNUMBER(SEARCH("LUNCH BOX",G7)),"Lunch Box", "Other")))))))) -> Hanger
A8: INNSA1 | B8: 2025-10-06 | C8: 0301049751 | D8: 73239990 | E8: STEEL HANGER 10PCS SET (AM-969) (QTY: 480 SET/USD 0.819 PERSET)STEEL HANGER 10PCS SET (AM-969) (QTY: 480 SET/USD 0.819 PER | F8: {=_xlfn.LET( _xlpm.txt, E8, _xlpm.clean, TRIM(_xlfn.REGEXREPLACE(_xlpm.txt, "\(QTY[^)]*\)", "")), _xlpm.noBrackets, TRIM(SUBSTITUTE(SUBSTITUTE(_xlpm.clean, "(", ""), ")", "")), _xlpm.words, _xlfn.TEXTSPLIT(_xlpm.noBrackets, " "), _xlpm.firstCode, INDEX(_xlpm.words, 1), _xlpm.category, INDEX(_xlpm.words, 2), _xlpm.category )} -> HANGER | G8: {=_xlfn.LET( _xlpm.txt, TRIM(E8), _xlpm.posQTY, IFERROR(FIND("(QTY", _xlpm.txt, 1), 0), _xlpm.firstSpace, FIND(" ", _xlpm.txt & " "), _xlpm.afterFirst, TRIM(MID(_xlpm.txt, _xlpm.firstSpace+1, 9999)), _xlpm.namePart, IF(_xlpm.posQTY>0, _xlfn.TEXTBEFORE(_xlpm.afterFirst, "(QTY"), IFERROR(_xlfn.TEXTBEFORE(_xlpm.afterFirst, "("), _xlpm.afterFirst)), TRIM(_xlpm.namePart) )} -> HANGER 10PCS SET (AM-969) | H8: =IFERROR( IF( AND(ISNUMBER(FIND("(",E8)), NOT(ISNUMBER(SEARCH("QTY", _xlfn.TEXTBEFORE(_xlfn.TEXTAFTER(E8,"("), ")")))) ), _xlfn.TEXTBEFORE(_xlfn.TEXTAFTER(E8,"("), ")"), LEFT(E8, FIND(" ", E8 & " ") - 1) ), "") -> AM-969 | I8: {=_xlfn.LET( _xlpm.txt, E8, _xlpm.afterQty, IFERROR(_xlfn.TEXTAFTER(_xlpm.txt, "QTY:"), ""), _xlpm.numberText, TRIM(_xlfn.TEXTBEFORE(_xlpm.afterQty, " ")), _xlpm.cleanNum, SUBSTITUTE(_xlpm.numberText, ",", ""), IF(ISNUMBER(--_xlpm.cleanNum), --_xlpm.cleanNum, "") )} | J8: {=_xlfn.LET( _xlpm.txt, E8, _xlpm.afterQ, IFERROR(_xlfn.TEXTAFTER(_xlpm.txt,"QTY:"), IFERROR(_xlfn.TEXTAFTER(_xlpm.txt,"QTY "), IFERROR(_xlfn.TEXTAFTER(_xlpm.txt,"(QTY"), ""))), _xlpm.token, TRIM(IF(_xlpm.afterQ="","", _xlfn.TEXTBEFORE(_xlpm.afterQ, "/"))), _xlpm.numPart, IFERROR(LEFT(_xlpm.token, FIND(" ", _xlpm.token)-1), _xlpm.token), _xlpm.cleanNum, SUBSTITUTE(_xlpm.numPart, ",",""), IF(_xlpm.cleanNum="", "", VALUE(_xlpm.cleanNum)) )} -> 480 | K8: {=_xlfn.LET( _xlpm.txt, E8, _xlpm.afterQ, IFERROR(_xlfn.TEXTAFTER(_xlpm.txt,"QTY:"), IFERROR(_xlfn.TEXTAFTER(_xlpm.txt,"QTY "), IFERROR(_xlfn.TEXTAFTER(_xlpm.txt,"(QTY"), ""))), _xlpm.token, TRIM(IF(_xlpm.afterQ="","", _xlfn.TEXTBEFORE(_xlpm.afterQ, "/"))), _xlpm.unitRaw, UPPER(TRIM(RIGHT(_xlpm.token, LEN(_xlpm.token) - FIND("@", SUBSTITUTE(_xlpm.token," ","@", LEN(_xlpm.token)-LEN(SUBSTITUTE(_xlpm.token," ",""))))))), _xlpm.unitRaw )} -> SET | L8: =IFERROR(_xlfn.TEXTAFTER(_xlfn.TEXTBEFORE(E8," PER"),"USD ")," ") -> 0.819 | M8: =IF(OR(K8="PCS",K8="PC",K8="NOS"),"PCS", IF(OR(K8="SET",K8="SETS"),"SET", IF(K8="PKT","PACK","OTHER"))) -> SET | N8: 380 | O8: KGS | P8: 100.44208 | Q8: 38167.99 | R8: 1.1197556 | S8: 425.50713 | T8: 10725.3 | U8: =P8+R8 -> 101.56183 | V8: =YEAR(B8) -> 2025 | W8: =IFERROR(VLOOKUP(VALUE(D8),'HSN Lookup'!$A:$B,2,0),"Unknown") -> Household Steel Items | X8: =IF(ISNUMBER(SEARCH("SCRUBBER",G8)),"Scrubber", IF(ISNUMBER(SEARCH("STRAINER",G8)),"Tea Strainer", IF(ISNUMBER(SEARCH("BASKET",G8)),"Basket", IF(ISNUMBER(SEARCH("HANGER",G8)),"Hanger", IF(ISNUMBER(SEARCH("STAND",G8)),"Cloth Stand", IF(ISNUMBER(SEARCH("SPRINKLER",G8)),"Sprinkler", IF(ISNUMBER(SEARCH("HOLDER",G8)),"Holder", IF(ISNUMBER(SEARCH("LUNCH BOX",G8)),"Lunch Box", "Other")))))))) -> Hanger
A9: INNSA1 | B9: 2025-10-01 | C9: 0301049751 | D9: 73239990 | E9: AM-967 STEEL FRUIT BASKET (QTY 400 PCS/USD 1.031 PER PCS) AM-967 STEEL FRUIT BASKET (QTY 400 PCS/USD 1.031 PER PCS) | F9: {=_xlfn.LET( _xlpm.txt, E9, _xlpm.clean, TRIM(_xlfn.REGEXREPLACE(_xlpm.txt, "\(QTY[^)]*\)", "")), _xlpm.noBrackets, TRIM(SUBSTITUTE(SUBSTITUTE(_xlpm.clean, "(", ""), ")", "")), _xlpm.words, _xlfn.TEXTSPLIT(_xlpm.noBrackets, " "), _xlpm.firstCode, INDEX(_xlpm.words, 1), _xlpm.category, INDEX(_xlpm.words, 2), _xlpm.category )} -> STEEL | G9: {=_xlfn.LET( _xlpm.txt, TRIM(E9), _xlpm.posQTY, IFERROR(FIND("(QTY", _xlpm.txt, 1), 0), _xlpm.firstSpace, FIND(" ", _xlpm.txt & " "), _xlpm.afterFirst, TRIM(MID(_xlpm.txt, _xlpm.firstSpace+1, 9999)), _xlpm.namePart, IF(_xlpm.posQTY>0, _xlfn.TEXTBEFORE(_xlpm.afterFirst, "(QTY"), IFERROR(_xlfn.TEXTBEFORE(_xlpm.afterFirst, "("), _xlpm.afterFirst)), TRIM(_xlpm.namePart) )} -> STEEL FRUIT BASKET | H9: =IFERROR( IF( AND(ISNUMBER(FIND("(",E9)), NOT(ISNUMBER(SEARCH("QTY", _xlfn.TEXTBEFORE(_xlfn.TEXTAFTER(E9,"("), ")")))) ), _xlfn.TEXTBEFORE(_xlfn.TEXTAFTER(E9,"("), ")"), LEFT(E9, FIND(" ", E9 & " ") - 1) ), "") -> AM-967 | I9: {=_xlfn.LET( _xlpm.txt, E9, _xlpm.afterQty, IFERROR(_xlfn.TEXTAFTER(_xlpm.txt, "QTY:"), ""), _xlpm.numberText, TRIM(_xlfn.TEXTBEFORE(_xlpm.afterQty, " ")), _xlpm.cleanNum, SUBSTITUTE(_xlpm.numberText, ",", ""), IF(ISNUMBER(--_xlpm.cleanNum), --_xlpm.cleanNum, "") )} | J9: {=_xlfn.LET( _xlpm.txt, E9, _xlpm.afterQ, IFERROR(_xlfn.TEXTAFTER(_xlpm.txt,"QTY:"), IFERROR(_xlfn.TEXTAFTER(_xlpm.txt,"QTY "), IFERROR(_xlfn.TEXTAFTER(_xlpm.txt,"(QTY"), ""))), _xlpm.token, TRIM(IF(_xlpm.afterQ="","", _xlfn.TEXTBEFORE(_xlpm.afterQ, "/"))), _xlpm.numPart, IFERROR(LEFT(_xlpm.token, FIND(" ", _xlpm.token)-1), _xlpm.token), _xlpm.cleanNum, SUBSTITUTE(_xlpm.numPart, ",",""), IF(_xlpm.cleanNum="", "", VALUE(_xlpm.cleanNum)) )} -> 400 | K9: {=_xlfn.LET( _xlpm.txt, E9, _xlpm.afterQ, IFERROR(_xlfn.TEXTAFTER(_xlpm.txt,"QTY:"), IFERROR(_xlfn.TEXTAFTER(_xlpm.txt,"QTY "), IFERROR(_xlfn.TEXTAFTER(_xlpm.txt,"(QTY"), ""))), _xlpm.token, TRIM(IF(_xlpm.afterQ="","", _xlfn.TEXTBEFORE(_xlpm.afterQ, "/"))), _xlpm.unitRaw, UPPER(TRIM(RIGHT(_xlpm.token, LEN(_xlpm.token) - FIND("@", SUBSTITUTE(_xlpm.token," ","@", LEN(_xlpm.token)-LEN(SUBSTITUTE(_xlpm.token," ",""))))))), _xlpm.unitRaw )} -> PCS | L9: =IFERROR(_xlfn.TEXTAFTER(_xlfn.TEXTBEFORE(E9," PER"),"USD ")," ") -> 1.031 | M9: =IF(OR(K9="PCS",K9="PC",K9="NOS"),"PCS", IF(OR(K9="SET",K9="SETS"),"SET", IF(K9="PKT","PACK","OTHER"))) -> PCS | N9: 460 | O9: KGS | P9: 85.377826 | Q9: 39273.8 | R9: 0.96092095 | S9: 442.02364 | T9: 11036 | U9: =P9+R9 -> 86.338747 | V9: =YEAR(B9) -> 2025 | W9: =IFERROR(VLOOKUP(VALUE(D9),'HSN Lookup'!$A:$B,2,0),"Unknown") -> Household Steel Items | X9: =IF(ISNUMBER(SEARCH("SCRUBBER",G9)),"Scrubber", IF(ISNUMBER(SEARCH("STRAINER",G9)),"Tea Strainer", IF(ISNUMBER(SEARCH("BASKET",G9)),"Basket", IF(ISNUMBER(SEARCH("HANGER",G9)),"Hanger", IF(ISNUMBER(SEARCH("STAND",G9)),"Cloth Stand", IF(ISNUMBER(SEARCH("SPRINKLER",G9)),"Sprinkler", IF(ISNUMBER(SEARCH("HOLDER",G9)),"Holder", IF(ISNUMBER(SEARCH("LUNCH BOX",G9)),"Lunch Box", "Other")))))))) -> Basket
A10: INNSA1 | B10: 2025-10-01 | C10: 0301049751 | D10: 73239990 | E10: AM-966 STEEL FRUIT BASKET (QTY 400 PCS/USD 1.017 PER PCS) AM-966 STEEL FRUIT BASKET (QTY 400 PCS/USD 1.017 PER PCS) | F10: {=_xlfn.LET( _xlpm.txt, E10, _xlpm.clean, TRIM(_xlfn.REGEXREPLACE(_xlpm.txt, "\(QTY[^)]*\)", "")), _xlpm.noBrackets, TRIM(SUBSTITUTE(SUBSTITUTE(_xlpm.clean, "(", ""), ")", "")), _xlpm.words, _xlfn.TEXTSPLIT(_xlpm.noBrackets, " "), _xlpm.firstCode, INDEX(_xlpm.words, 1), _xlpm.category, INDEX(_xlpm.words, 2), _xlpm.category )} -> STEEL | G10: {=_xlfn.LET( _xlpm.txt, TRIM(E10), _xlpm.posQTY, IFERROR(FIND("(QTY", _xlpm.txt, 1), 0), _xlpm.firstSpace, FIND(" ", _xlpm.txt & " "), _xlpm.afterFirst, TRIM(MID(_xlpm.txt, _xlpm.firstSpace+1, 9999)), _xlpm.namePart, IF(_xlpm.posQTY>0, _xlfn.TEXTBEFORE(_xlpm.afterFirst, "(QTY"), IFERROR(_xlfn.TEXTBEFORE(_xlpm.afterFirst, "("), _xlpm.afterFirst)), TRIM(_xlpm.namePart) )} -> STEEL FRUIT BASKET | H10: =IFERROR( IF( AND(ISNUMBER(FIND("(",E10)), NOT(ISNUMBER(SEARCH("QTY", _xlfn.TEXTBEFORE(_xlfn.TEXTAFTER(E10,"("), ")")))) ), _xlfn.TEXTBEFORE(_xlfn.TEXTAFTER(E10,"("), ")"), LEFT(E10, FIND(" ", E10 & " ") - 1) ), "") -> AM-966 | I10: {=_xlfn.LET( _xlpm.txt, E10, _xlpm.afterQty, IFERROR(_xlfn.TEXTAFTER(_xlpm.txt, "QTY:"), ""), _xlpm.numberText, TRIM(_xlfn.TEXTBEFORE(_xlpm.afterQty, " ")), _xlpm.cleanNum, SUBSTITUTE(_xlpm.numberText, ",", ""), IF(ISNUMBER(--_xlpm.cleanNum), --_xlpm.cleanNum, "") )} | J10: {=_xlfn.LET( _xlpm.txt, E10, _xlpm.afterQ, IFERROR(_xlfn.TEXTAFTER(_xlpm.txt,"QTY:"), IFERROR(_xlfn.TEXTAFTER(_xlpm.txt,"QTY "), IFERROR(_xlfn.TEXTAFTER(_xlpm.txt,"(QTY"), ""))), _xlpm.token, TRIM(IF(_xlpm.afterQ="","", _xlfn.TEXTBEFORE(_xlpm.afterQ, "/"))), _xlpm.numPart, IFERROR(LEFT(_xlpm.token, FIND(" ", _xlpm.token)-1), _xlpm.token), _xlpm.cleanNum, SUBSTITUTE(_xlpm.numPart, ",",""), IF(_xlpm.cleanNum="", "", VALUE(_xlpm.cleanNum)) )} -> 400 | K10: {=_xlfn.LET( _xlpm.txt, E10, _xlpm.afterQ, IFERROR(_xlfn.TEXTAFTER(_xlpm.txt,"QTY:"), IFERROR(_xlfn.TEXTAFTER(_xlpm.txt,"QTY "), IFERROR(_xlfn.TEXTAFTER(_xlpm.txt,"(QTY"), ""))), _xlpm.token, TRIM(IF(_xlpm.afterQ="","", _xlfn.TEXTBEFORE(_xlpm.afterQ, "/"))), _xlpm.unitRaw, UPPER(TRIM(RIGHT(_xlpm.token, LEN(_xlpm.token) - FIND("@", SUBSTITUTE(_xlpm.token," ","@", LEN(_xlpm.token)-LEN(SUBSTITUTE(_xlpm.token," ",""))))))), _xlpm.unitRaw )} -> PCS | L10: =IFERROR(_xlfn.TEXTAFTER(_xlfn.TEXTBEFORE(E10," PER"),"USD ")," ") -> 1.017 | M10: =IF(OR(K10="PCS",K10="PC",K10="NOS"),"PCS", IF(OR(K10="SET",K10="SETS"),"SET", IF(K10="PKT","PACK","OTHER"))) -> PCS | N10: 310 | O10: KGS | P10: 124.96932 | Q10: 38740.49 | R10: 1.4065202 | S10: 436.02127 | T10: 10886.1 | U10: =P10+R10 -> 126.37584 | V10: =YEAR(B10) -> 2025 | W10: =IFERROR(VLOOKUP(VALUE(D10),'HSN Lookup'!$A:$B,2,0),"Unknown") -> Household Steel Items | X10: =IF(ISNUMBER(SEARCH("SCRUBBER",G10)),"Scrubber", IF(ISNUMBER(SEARCH("STRAINER",G10)),"Tea Strainer", IF(ISNUMBER(SEARCH("BASKET",G10)),"Basket", IF(ISNUMBER(SEARCH("HANGER",G10)),"Hanger", IF(ISNUMBER(SEARCH("STAND",G10)),"Cloth Stand", IF(ISNUMBER(SEARCH("SPRINKLER",G10)),"Sprinkler", IF(ISNUMBER(SEARCH("HOLDER",G10)),"Holder", IF(ISNUMBER(SEARCH("LUNCH BOX",G10)),"Lunch Box", "Other")))))))) -> Basket
A11: INNSA1 | B11: 2025-10-01 | C11: 0301049751 | D11: 73239990 | E11: AM-965 STEEL SPOON & FORK HOLDER (QTY 480 PCS/USD 0.734 PERPCS)AM-965 STEEL SPOON & FORK HOLDER (QTY 480 PCS/USD 0.734 PER | F11: {=_xlfn.LET( _xlpm.txt, E11, _xlpm.clean, TRIM(_xlfn.REGEXREPLACE(_xlpm.txt, "\(QTY[^)]*\)", "")), _xlpm.noBrackets, TRIM(SUBSTITUTE(SUBSTITUTE(_xlpm.clean, "(", ""), ")", "")), _xlpm.words, _xlfn.TEXTSPLIT(_xlpm.noBrackets, " "), _xlpm.firstCode, INDEX(_xlpm.words, 1), _xlpm.category, INDEX(_xlpm.words, 2), _xlpm.category )} -> STEEL | G11: {=_xlfn.LET( _xlpm.txt, TRIM(E11), _xlpm.posQTY, IFERROR(FIND("(QTY", _xlpm.txt, 1), 0), _xlpm.firstSpace, FIND(" ", _xlpm.txt & " "), _xlpm.afterFirst, TRIM(MID(_xlpm.txt, _xlpm.firstSpace+1, 9999)), _xlpm.namePart, IF(_xlpm.posQTY>0, _xlfn.TEXTBEFORE(_xlpm.afterFirst, "(QTY"), IFERROR(_xlfn.TEXTBEFORE(_xlpm.afterFirst, "("), _xlpm.afterFirst)), TRIM(_xlpm.namePart) )} -> STEEL SPOON & FORK HOLDER | H11: =IFERROR( IF( AND(ISNUMBER(FIND("(",E11)), NOT(ISNUMBER(SEARCH("QTY", _xlfn.TEXTBEFORE(_xlfn.TEXTAFTER(E11,"("), ")")))) ), _xlfn.TEXTBEFORE(_xlfn.TEXTAFTER(E11,"("), ")"), LEFT(E11, FIND(" ", E11 & " ") - 1) ), "") -> AM-965 | I11: {=_xlfn.LET( _xlpm.txt, E11, _xlpm.afterQty, IFERROR(_xlfn.TEXTAFTER(_xlpm.txt, "QTY:"), ""), _xlpm.numberText, TRIM(_xlfn.TEXTBEFORE(_xlpm.afterQty, " ")), _xlpm.cleanNum, SUBSTITUTE(_xlpm.numberText, ",", ""), IF(ISNUMBER(--_xlpm.cleanNum), --_xlpm.cleanNum, "") )} | J11: {=_xlfn.LET( _xlpm.txt, E11, _xlpm.afterQ, IFERROR(_xlfn.TEXTAFTER(_xlpm.txt,"QTY:"), IFERROR(_xlfn.TEXTAFTER(_xlpm.txt,"QTY "), IFERROR(_xlfn.TEXTAFTER(_xlpm.txt,"(QTY"), ""))), _xlpm.token, TRIM(IF(_xlpm.afterQ="","", _xlfn.TEXTBEFORE(_xlpm.afterQ, "/"))), _xlpm.numPart, IFERROR(LEFT(_xlpm.token, FIND(" ", _xlpm.token)-1), _xlpm.token), _xlpm.cleanNum, SUBSTITUTE(_xlpm.numPart, ",",""), IF(_xlpm.cleanNum="", "", VALUE(_xlpm.cleanNum)) )} -> 480 | K11: {=_xlfn.LET( _xlpm.txt, E11, _xlpm.afterQ, IFERROR(_xlfn.TEXTAFTER(_xlpm.txt,"QTY:"), IFERROR(_xlfn.TEXTAFTER(_xlpm.txt,"QTY "), IFERROR(_xlfn.TEXTAFTER(_xlpm.txt,"(QTY"), ""))), _xlpm.token, TRIM(IF(_xlpm.afterQ="","", _xlfn.TEXTBEFORE(_xlpm.afterQ, "/"))), _xlpm.unitRaw, UPPER(TRIM(RIGHT(_xlpm.token, LEN(_xlpm.token) - FIND("@", SUBSTITUTE(_xlpm.token," ","@", LEN(_xlpm.token)-LEN(SUBSTITUTE(_xlpm.token," ",""))))))), _xlpm.unitRaw )} -> PCS | L11: =IFERROR(_xlfn.TEXTAFTER(_xlfn.TEXTBEFORE(E11," PER"),"USD ")," ") -> 0.734 | M11: =IF(OR(K11="PCS",K11="PC",K11="NOS"),"PCS", IF(OR(K11="SET",K11="SETS"),"SET", IF(K11="PKT","PACK","OTHER"))) -> PCS | N11: 168 | O11: KGS | P11: 199.71571 | Q11: 33552.24 | R11: 2.2477852 | S11: 377.62791 | T11: 9428.1 | U11: =P11+R11 -> 201.9635 | V11: =YEAR(B11) -> 2025 | W11: =IFERROR(VLOOKUP(VALUE(D11),'HSN Lookup'!$A:$B,2,0),"Unknown") -> Household Steel Items | X11: =IF(ISNUMBER(SEARCH("SCRUBBER",G11)),"Scrubber", IF(ISNUMBER(SEARCH("STRAINER",G11)),"Tea Strainer", IF(ISNUMBER(SEARCH("BASKET",G11)),"Basket", IF(ISNUMBER(SEARCH("HANGER",G11)),"Hanger", IF(ISNUMBER(SEARCH("STAND",G11)),"Cloth Stand", IF(ISNUMBER(SEARCH("SPRINKLER",G11)),"Sprinkler", IF(ISNUMBER(SEARCH("HOLDER",G11)),"Holder", IF(ISNUMBER(SEARCH("LUNCH BOX",G11)),"Lunch Box", "Other")))))))) -> Holder
A12: INNSA1 | B12: 2025-10-01 | C12: 0301049751 | D12: 73231000 | E12: 8001-2 STEEL SCRUBBER 2 PCS SET (QTY 336000 SETS/USD 0.139 PER SETS)8001-2 STEEL SCRUBBER 2 PCS SET (QTY 336000 SETS/USD 0.139 P | F12: {=_xlfn.LET( _xlpm.txt, E12, _xlpm.clean, TRIM(_xlfn.REGEXREPLACE(_xlpm.txt, "\(QTY[^)]*\)", "")), _xlpm.noBrackets, TRIM(SUBSTITUTE(SUBSTITUTE(_xlpm.clean, "(", ""), ")", "")), _xlpm.words, _xlfn.TEXTSPLIT(_xlpm.noBrackets, " "), _xlpm.firstCode, INDEX(_xlpm.words, 1), _xlpm.category, INDEX(_xlpm.words, 2), _xlpm.category )} -> STEEL | G12: {=_xlfn.LET( _xlpm.txt, TRIM(E12), _xlpm.posQTY, IFERROR(FIND("(QTY", _xlpm.txt, 1), 0), _xlpm.firstSpace, FIND(" ", _xlpm.txt & " "), _xlpm.afterFirst, TRIM(MID(_xlpm.txt, _xlpm.firstSpace+1, 9999)), _xlpm.namePart, IF(_xlpm.posQTY>0, _xlfn.TEXTBEFORE(_xlpm.afterFirst, "(QTY"), IFERROR(_xlfn.TEXTBEFORE(_xlpm.afterFirst, "("), _xlpm.afterFirst)), TRIM(_xlpm.namePart) )} -> STEEL SCRUBBER 2 PCS SET | H12: =IFERROR( IF( AND(ISNUMBER(FIND("(",E12)), NOT(ISNUMBER(SEARCH("QTY", _xlfn.TEXTBEFORE(_xlfn.TEXTAFTER(E12,"("), ")")))) ), _xlfn.TEXTBEFORE(_xlfn.TEXTAFTER(E12,"("), ")"), LEFT(E12, FIND(" ", E12 & " ") - 1) ), "") -> 8001-2 | I12: {=_xlfn.LET( _xlpm.txt, E12, _xlpm.afterQty, IFERROR(_xlfn.TEXTAFTER(_xlpm.txt, "QTY:"), ""), _xlpm.numberText, TRIM(_xlfn.TEXTBEFORE(_xlpm.afterQty, " ")), _xlpm.cleanNum, SUBSTITUTE(_xlpm.numberText, ",", ""), IF(ISNUMBER(--_xlpm.cleanNum), --_xlpm.cleanNum, "") )} | J12: {=_xlfn.LET( _xlpm.txt, E12, _xlpm.afterQ, IFERROR(_xlfn.TEXTAFTER(_xlpm.txt,"QTY:"), IFERROR(_xlfn.TEXTAFTER(_xlpm.txt,"QTY "), IFERROR(_xlfn.TEXTAFTER(_xlpm.txt,"(QTY"), ""))), _xlpm.token, TRIM(IF(_xlpm.afterQ="","", _xlfn.TEXTBEFORE(_xlpm.afterQ, "/"))), _xlpm.numPart, IFERROR(LEFT(_xlpm.token, FIND(" ", _xlpm.token)-1), _xlpm.token), _xlpm.cleanNum, SUBSTITUTE(_xlpm.numPart, ",",""), IF(_xlpm.cleanNum="", "", VALUE(_xlpm.cleanNum)) )} -> 336000 | K12: {=_xlfn.LET( _xlpm.txt, E12, _xlpm.afterQ, IFERROR(_xlfn.TEXTAFTER(_xlpm.txt,"QTY:"), IFERROR(_xlfn.TEXTAFTER(_xlpm.txt,"QTY "), IFERROR(_xlfn.TEXTAFTER(_xlpm.txt,"(QTY"), ""))), _xlpm.token, TRIM(IF(_xlpm.afterQ="","", _xlfn.TEXTBEFORE(_xlpm.afterQ, "/"))), _xlpm.unitRaw, UPPER(TRIM(RIGHT(_xlpm.token, LEN(_xlpm.token) - FIND("@", SUBSTITUTE(_xlpm.token," ","@", LEN(_xlpm.token)-LEN(SUBSTITUTE(_xlpm.token," ",""))))))), _xlpm.unitRaw )} -> SETS | L12: =IFERROR(_xlfn.TEXTAFTER(_xlfn.TEXTBEFORE(E12," PER"),"USD ")," ") -> 0.139 | M12: =IF(OR(K12="PCS",K12="PC",K12="NOS"),"PCS", IF(OR(K12="SET",K12="SETS"),"SET", IF(K12="PKT","PACK","OTHER"))) -> SET | N12: 9800 | O12: KGS | P12: 456.12539 | Q12: 4470028.8 | R12: 5.1336566 | S12: 50309.835 | T12: 1965024.7 | U12: =P12+R12 -> 461.25905 | V12: =YEAR(B12) -> 2025 | W12: =IFERROR(VLOOKUP(VALUE(D12),'HSN Lookup'!$A:$B,2,0),"Unknown") -> Steel Scrubbers | X12: =IF(ISNUMBER(SEARCH("SCRUBBER",G12)),"Scrubber", IF(ISNUMBER(SEARCH("STRAINER",G12)),"Tea Strainer", IF(ISNUMBER(SEARCH("BASKET",G12)),"Basket", IF(ISNUMBER(SEARCH("HANGER",G12)),"Hanger", IF(ISNUMBER(SEARCH("STAND",G12)),"Cloth Stand", IF(ISNUMBER(SEARCH("SPRINKLER",G12)),"Sprinkler", IF(ISNUMBER(SEARCH("HOLDER",G12)),"Holder", IF(ISNUMBER(SEARCH("LUNCH BOX",G12)),"Lunch Box", "Other")))))))) -> Scrubber
A13: INNSA1 | B13: 2025-09-27 | C13: 0301049751 | D13: 73231000 | E13: OKS-4156 STEEL SCRUBBER 6PCS SET (QTY: 93360 PCS /USD 0.228PER PCS)OKS-4156 STEEL SCRUBBER 6PCS SET (QTY: 93360 PCS /USD 0.228 | F13: {=_xlfn.LET( _xlpm.txt, E13, _xlpm.clean, TRIM(_xlfn.REGEXREPLACE(_xlpm.txt, "\(QTY[^)]*\)", "")), _xlpm.noBrackets, TRIM(SUBSTITUTE(SUBSTITUTE(_xlpm.clean, "(", ""), ")", "")), _xlpm.words, _xlfn.TEXTSPLIT(_xlpm.noBrackets, " "), _xlpm.firstCode, INDEX(_xlpm.words, 1), _xlpm.category, INDEX(_xlpm.words, 2), _xlpm.category )} -> STEEL | G13: {=_xlfn.LET( _xlpm.txt, TRIM(E13), _xlpm.posQTY, IFERROR(FIND("(QTY", _xlpm.txt, 1), 0), _xlpm.firstSpace, FIND(" ", _xlpm.txt & " "), _xlpm.afterFirst, TRIM(MID(_xlpm.txt, _xlpm.firstSpace+1, 9999)), _xlpm.namePart, IF(_xlpm.posQTY>0, _xlfn.TEXTBEFORE(_xlpm.afterFirst, "(QTY"), IFERROR(_xlfn.TEXTBEFORE(_xlpm.afterFirst, "("), _xlpm.afterFirst)), TRIM(_xlpm.namePart) )} -> STEEL SCRUBBER 6PCS SET | H13: =IFERROR( IF( AND(ISNUMBER(FIND("(",E13)), NOT(ISNUMBER(SEARCH("QTY", _xlfn.TEXTBEFORE(_xlfn.TEXTAFTER(E13,"("), ")")))) ), _xlfn.TEXTBEFORE(_xlfn.TEXTAFTER(E13,"("), ")"), LEFT(E13, FIND(" ", E13 & " ") - 1) ), "") -> OKS-4156 | I13: {=_xlfn.LET( _xlpm.txt, E13, _xlpm.afterQty, IFERROR(_xlfn.TEXTAFTER(_xlpm.txt, "QTY:"), ""), _xlpm.numberText, TRIM(_xlfn.TEXTBEFORE(_xlpm.afterQty, " ")), _xlpm.cleanNum, SUBSTITUTE(_xlpm.numberText, ",", ""), IF(ISNUMBER(--_xlpm.cleanNum), --_xlpm.cleanNum, "") )} | J13: {=_xlfn.LET( _xlpm.txt, E13, _xlpm.afterQ, IFERROR(_xlfn.TEXTAFTER(_xlpm.txt,"QTY:"), IFERROR(_xlfn.TEXTAFTER(_xlpm.txt,"QTY "), IFERROR(_xlfn.TEXTAFTER(_xlpm.txt,"(QTY"), ""))), _xlpm.token, TRIM(IF(_xlpm.afterQ="","", _xlfn.TEXTBEFORE(_xlpm.afterQ, "/"))), _xlpm.numPart, IFERROR(LEFT(_xlpm.token, FIND(" ", _xlpm.token)-1), _xlpm.token), _xlpm.cleanNum, SUBSTITUTE(_xlpm.numPart, ",",""), IF(_xlpm.cleanNum="", "", VALUE(_xlpm.cleanNum)) )} -> 93360 | K13: {=_xlfn.LET( _xlpm.txt, E13, _xlpm.afterQ, IFERROR(_xlfn.TEXTAFTER(_xlpm.txt,"QTY:"), IFERROR(_xlfn.TEXTAFTER(_xlpm.txt,"QTY "), IFERROR(_xlfn.TEXTAFTER(_xlpm.txt,"(QTY"), ""))), _xlpm.token, TRIM(IF(_xlpm.afterQ="","", _xlfn.TEXTBEFORE(_xlpm.afterQ, "/"))), _xlpm.unitRaw, UPPER(TRIM(RIGHT(_xlpm.token, LEN(_xlpm.token) - FIND("@", SUBSTITUTE(_xlpm.token," ","@", LEN(_xlpm.token)-LEN(SUBSTITUTE(_xlpm.token," ",""))))))), _xlpm.unitRaw )} -> PCS | L13: =IFERROR(_xlfn.TEXTAFTER(_xlfn.TEXTBEFORE(E13," PER"),"USD ")," ") | M13: =IF(OR(K13="PCS",K13="PC",K13="NOS"),"PCS", IF(OR(K13="SET",K13="SETS"),"SET", IF(K13="PKT","PACK","OTHER"))) -> PCS | N13: 7496.03 | O13: KGS | P13: 263.57138 | Q13: 1975739 | R13: 2.9664758 | S13: 22236.792 | T13: 868534.9 | U13: =P13+R13 -> 266.53785 | V13: =YEAR(B13) -> 2025 | W13: =IFERROR(VLOOKUP(VALUE(D13),'HSN Lookup'!$A:$B,2,0),"Unknown") -> Steel Scrubbers | X13: =IF(ISNUMBER(SEARCH("SCRUBBER",G13)),"Scrubber", IF(ISNUMBER(SEARCH("STRAINER",G13)),"Tea Strainer", IF(ISNUMBER(SEARCH("BASKET",G13)),"Basket", IF(ISNUMBER(SEARCH("HANGER",G13)),"Hanger", IF(ISNUMBER(SEARCH("STAND",G13)),"Cloth Stand", IF(ISNUMBER(SEARCH("SPRINKLER",G13)),"Sprinkler", IF(ISNUMBER(SEARCH("HOLDER",G13)),"Holder", IF(ISNUMBER(SEARCH("LUNCH BOX",G13)),"Lunch Box", "Other")))))))) -> Scrubber
A14: INNSA1 | B14: 2025-09-27 | C14: 0301049751 | D14: 73231000 | E14: 8001-2 STEEL SCRUBBER 2PCS SET (QTY: 168000 SETS/USD 0.139 PER SETS)8001-2 STEEL SCRUBBER 2PCS SET (QTY: 168000 SETS/USD 0.139 P | F14: {=_xlfn.LET( _xlpm.txt, E14, _xlpm.clean, TRIM(_xlfn.REGEXREPLACE(_xlpm.txt, "\(QTY[^)]*\)", "")), _xlpm.noBrackets, TRIM(SUBSTITUTE(SUBSTITUTE(_xlpm.clean, "(", ""), ")", "")), _xlpm.words, _xlfn.TEXTSPLIT(_xlpm.noBrackets, " "), _xlpm.firstCode, INDEX(_xlpm.words, 1), _xlpm.category, INDEX(_xlpm.words, 2), _xlpm.category )} -> STEEL | G14: {=_xlfn.LET( _xlpm.txt, TRIM(E14), _xlpm.posQTY, IFERROR(FIND("(QTY", _xlpm.txt, 1), 0), _xlpm.firstSpace, FIND(" ", _xlpm.txt & " "), _xlpm.afterFirst, TRIM(MID(_xlpm.txt, _xlpm.firstSpace+1, 9999)), _xlpm.namePart, IF(_xlpm.posQTY>0, _xlfn.TEXTBEFORE(_xlpm.afterFirst, "(QTY"), IFERROR(_xlfn.TEXTBEFORE(_xlpm.afterFirst, "("), _xlpm.afterFirst)), TRIM(_xlpm.namePart) )} -> STEEL SCRUBBER 2PCS SET | H14: =IFERROR( IF( AND(ISNUMBER(FIND("(",E14)), NOT(ISNUMBER(SEARCH("QTY", _xlfn.TEXTBEFORE(_xlfn.TEXTAFTER(E14,"("), ")")))) ), _xlfn.TEXTBEFORE(_xlfn.TEXTAFTER(E14,"("), ")"), LEFT(E14, FIND(" ", E14 & " ") - 1) ), "") -> 8001-2 | I14: {=_xlfn.LET( _xlpm.txt, E14, _xlpm.afterQty, IFERROR(_xlfn.TEXTAFTER(_xlpm.txt, "QTY:"), ""), _xlpm.numberText, TRIM(_xlfn.TEXTBEFORE(_xlpm.afterQty, " ")), _xlpm.cleanNum, SUBSTITUTE(_xlpm.numberText, ",", ""), IF(ISNUMBER(--_xlpm.cleanNum), --_xlpm.cleanNum, "") )} | J14: {=_xlfn.LET( _xlpm.txt, E14, _xlpm.afterQ, IFERROR(_xlfn.TEXTAFTER(_xlpm.txt,"QTY:"), IFERROR(_xlfn.TEXTAFTER(_xlpm.txt,"QTY "), IFERROR(_xlfn.TEXTAFTER(_xlpm.txt,"(QTY"), ""))), _xlpm.token, TRIM(IF(_xlpm.afterQ="","", _xlfn.TEXTBEFORE(_xlpm.afterQ, "/"))), _xlpm.numPart, IFERROR(LEFT(_xlpm.token, FIND(" ", _xlpm.token)-1), _xlpm.token), _xlpm.cleanNum, SUBSTITUTE(_xlpm.numPart, ",",""), IF(_xlpm.cleanNum="", "", VALUE(_xlpm.cleanNum)) )} -> 168000 | K14: {=_xlfn.LET( _xlpm.txt, E14, _xlpm.afterQ, IFERROR(_xlfn.TEXTAFTER(_xlpm.txt,"QTY:"), IFERROR(_xlfn.TEXTAFTER(_xlpm.txt,"QTY "), IFERROR(_xlfn.TEXTAFTER(_xlpm.txt,"(QTY"), ""))), _xlpm.token, TRIM(IF(_xlpm.afterQ="","", _xlfn.TEXTBEFORE(_xlpm.afterQ, "/"))), _xlpm.unitRaw, UPPER(TRIM(RIGHT(_xlpm.token, LEN(_xlpm.token) - FIND("@", SUBSTITUTE(_xlpm.token," ","@", LEN(_xlpm.token)-LEN(SUBSTITUTE(_xlpm.token," ",""))))))), _xlpm.unitRaw )} -> SETS | L14: =IFERROR(_xlfn.TEXTAFTER(_xlfn.TEXTBEFORE(E14," PER"),"USD ")," ") -> 0.139 | M14: =IF(OR(K14="PCS",K14="PC",K14="NOS"),"PCS", IF(OR(K14="SET",K14="SETS"),"SET", IF(K14="PKT","PACK","OTHER"))) -> SET | N14: 4900 | O14: KGS | P14: 442.07294 | Q14: 2166157.4 | R14: 4.9754973 | S14: 24379.937 | T14: 952242.8 | U14: =P14+R14 -> 447.04843 | V14: =YEAR(B14) -> 2025 | W14: =IFERROR(VLOOKUP(VALUE(D14),'HSN Lookup'!$A:$B,2,0),"Unknown") -> Steel Scrubbers | X14: =IF(ISNUMBER(SEARCH("SCRUBBER",G14)),"Scrubber", IF(ISNUMBER(SEARCH("STRAINER",G14)),"Tea Strainer", IF(ISNUMBER(SEARCH("BASKET",G14)),"Basket", IF(ISNUMBER(SEARCH("HANGER",G14)),"Hanger", IF(ISNUMBER(SEARCH("STAND",G14)),"Cloth Stand", IF(ISNUMBER(SEARCH("SPRINKLER",G14)),"Sprinkler", IF(ISNUMBER(SEARCH("HOLDER",G14)),"Holder", IF(ISNUMBER(SEARCH("LUNCH BOX",G14)),"Lunch Box", "Other")))))))) -> Scrubber
A15: INNSA1 | B15: 2025-09-24 | C15: 0301049751 | D15: 73239990 | E15: AM-321 STEEL DRAINER (QTY:28752 PCS/USD 0.7050 PER PCS) AM-321 STEEL DRAINER (QTY:28752 PCS/USD 0.7050 PER PCS) | F15: {=_xlfn.LET( _xlpm.txt, E15, _xlpm.clean, TRIM(_xlfn.REGEXREPLACE(_xlpm.txt, "\(QTY[^)]*\)", "")), _xlpm.noBrackets, TRIM(SUBSTITUTE(SUBSTITUTE(_xlpm.clean, "(", ""), ")", "")), _xlpm.words, _xlfn.TEXTSPLIT(_xlpm.noBrackets, " "), _xlpm.firstCode, INDEX(_xlpm.words, 1), _xlpm.category, INDEX(_xlpm.words, 2), _xlpm.category )} -> STEEL | G15: {=_xlfn.LET( _xlpm.txt, TRIM(E15), _xlpm.posQTY, IFERROR(FIND("(QTY", _xlpm.txt, 1), 0), _xlpm.firstSpace, FIND(" ", _xlpm.txt & " "), _xlpm.afterFirst, TRIM(MID(_xlpm.txt, _xlpm.firstSpace+1, 9999)), _xlpm.namePart, IF(_xlpm.posQTY>0, _xlfn.TEXTBEFORE(_xlpm.afterFirst, "(QTY"), IFERROR(_xlfn.TEXTBEFORE(_xlpm.afterFirst, "("), _xlpm.afterFirst)), TRIM(_xlpm.namePart) )} -> STEEL DRAINER | H15: =IFERROR( IF( AND(ISNUMBER(FIND("(",E15)), NOT(ISNUMBER(SEARCH("QTY", _xlfn.TEXTBEFORE(_xlfn.TEXTAFTER(E15,"("), ")")))) ), _xlfn.TEXTBEFORE(_xlfn.TEXTAFTER(E15,"("), ")"), LEFT(E15, FIND(" ", E15 & " ") - 1) ), "") -> AM-321 | I15: {=_xlfn.LET( _xlpm.txt, E15, _xlpm.afterQty, IFERROR(_xlfn.TEXTAFTER(_xlpm.txt, "QTY:"), ""), _xlpm.numberText, TRIM(_xlfn.TEXTBEFORE(_xlpm.afterQty, " ")), _xlpm.cleanNum, SUBSTITUTE(_xlpm.numberText, ",", ""), IF(ISNUMBER(--_xlpm.cleanNum), --_xlpm.cleanNum, "") )} -> 28752 | J15: {=_xlfn.LET( _xlpm.txt, E15, _xlpm.afterQ, IFERROR(_xlfn.TEXTAFTER(_xlpm.txt,"QTY:"), IFERROR(_xlfn.TEXTAFTER(_xlpm.txt,"QTY "), IFERROR(_xlfn.TEXTAFTER(_xlpm.txt,"(QTY"), ""))), _xlpm.token, TRIM(IF(_xlpm.afterQ="","", _xlfn.TEXTBEFORE(_xlpm.afterQ, "/"))), _xlpm.numPart, IFERROR(LEFT(_xlpm.token, FIND(" ", _xlpm.token)-1), _xlpm.token), _xlpm.cleanNum, SUBSTITUTE(_xlpm.numPart, ",",""), IF(_xlpm.cleanNum="", "", VALUE(_xlpm.cleanNum)) )} -> 28752 | K15: {=_xlfn.LET( _xlpm.txt, E15, _xlpm.afterQ, IFERROR(_xlfn.TEXTAFTER(_xlpm.txt,"QTY:"), IFERROR(_xlfn.TEXTAFTER(_xlpm.txt,"QTY "), IFERROR(_xlfn.TEXTAFTER(_xlpm.txt,"(QTY"), ""))), _xlpm.token, TRIM(IF(_xlpm.afterQ="","", _xlfn.TEXTBEFORE(_xlpm.afterQ, "/"))), _xlpm.unitRaw, UPPER(TRIM(RIGHT(_xlpm.token, LEN(_xlpm.token) - FIND("@", SUBSTITUTE(_xlpm.token," ","@", LEN(_xlpm.token)-LEN(SUBSTITUTE(_xlpm.token," ",""))))))), _xlpm.unitRaw )} -> PCS | L15: =IFERROR(_xlfn.TEXTAFTER(_xlfn.TEXTBEFORE(E15," PER"),"USD ")," ") -> 0.7050 | M15: =IF(OR(K15="PCS",K15="PC",K15="NOS"),"PCS", IF(OR(K15="SET",K15="SETS"),"SET", IF(K15="PKT","PACK","OTHER"))) -> PCS | N15: 3953.4 | O15: KGS | P15: 492.73197 | Q15: 1947966.6 | R15: 5.5456609 | S15: 21924.216 | T15: 547378.6 | U15: =P15+R15 -> 498.27763 | V15: =YEAR(B15) -> 2025 | W15: =IFERROR(VLOOKUP(VALUE(D15),'HSN Lookup'!$A:$B,2,0),"Unknown") -> Household Steel Items | X15: =IF(ISNUMBER(SEARCH("SCRUBBER",G15)),"Scrubber", IF(ISNUMBER(SEARCH("STRAINER",G15)),"Tea Strainer", IF(ISNUMBER(SEARCH("BASKET",G15)),"Basket", IF(ISNUMBER(SEARCH("HANGER",G15)),"Hanger", IF(ISNUMBER(SEARCH("STAND",G15)),"Cloth Stand", IF(ISNUMBER(SEARCH("SPRINKLER",G15)),"Sprinkler", IF(ISNUMBER(SEARCH("HOLDER",G15)),"Holder", IF(ISNUMBER(SEARCH("LUNCH BOX",G15)),"Lunch Box", "Other")))))))) -> Other
... A656: INNSA1 | B656: 2023-06-17 | C656: 0301049751 | D656: 73239990 | E656: STAINLESS STEEL COLA BOTTLE 750ML SK750 (SL-01) (QTY: 3960 PCS / USD 1.195 PER PCS) | F656: {=_xlfn.LET( _xlpm.txt, E656, _xlpm.clean, TRIM(_xlfn.REGEXREPLACE(_xlpm.txt, "\(QTY[^)]*\)", "")), _xlpm.noBrackets, TRIM(SUBSTITUTE(SUBSTITUTE(_xlpm.clean, "(", ""), ")", "")), _xlpm.words, _xlfn.TEXTSPLIT(_xlpm.noBrackets, " "), _xlpm.firstCode, INDEX(_xlpm.words, 1), _xlpm.category, INDEX(_xlpm.words, 2), _xlpm.category )} -> STEEL | G656: {=_xlfn.LET( _xlpm.txt, TRIM(E656), _xlpm.posQTY, IFERROR(FIND("(QTY", _xlpm.txt, 1), 0), _xlpm.firstSpace, FIND(" ", _xlpm.txt & " "), _xlpm.afterFirst, TRIM(MID(_xlpm.txt, _xlpm.firstSpace+1, 9999)), _xlpm.namePart, IF(_xlpm.posQTY>0, _xlfn.TEXTBEFORE(_xlpm.afterFirst, "(QTY"), IFERROR(_xlfn.TEXTBEFORE(_xlpm.afterFirst, "("), _xlpm.afterFirst)), TRIM(_xlpm.namePart) )} -> STEEL COLA BOTTLE 750ML SK750 (SL-01) | H656: =IFERROR( IF( AND(ISNUMBER(FIND("(",E656)), NOT(ISNUMBER(SEARCH("QTY", _xlfn.TEXTBEFORE(_xlfn.TEXTAFTER(E656,"("), ")")))) ), _xlfn.TEXTBEFORE(_xlfn.TEXTAFTER(E656,"("), ")"), LEFT(E656, FIND(" ", E656 & " ") - 1) ), "") -> SL-01 | I656: {=_xlfn.LET( _xlpm.txt, E656, _xlpm.afterQty, IFERROR(_xlfn.TEXTAFTER(_xlpm.txt, "QTY:"), ""), _xlpm.numberText, TRIM(_xlfn.TEXTBEFORE(_xlpm.afterQty, " ")), _xlpm.cleanNum, SUBSTITUTE(_xlpm.numberText, ",", ""), IF(ISNUMBER(--_xlpm.cleanNum), --_xlpm.cleanNum, "") )} | J656: {=_xlfn.LET( _xlpm.txt, E656, _xlpm.afterQ, IFERROR(_xlfn.TEXTAFTER(_xlpm.txt,"QTY:"), IFERROR(_xlfn.TEXTAFTER(_xlpm.txt,"QTY "), IFERROR(_xlfn.TEXTAFTER(_xlpm.txt,"(QTY"), ""))), _xlpm.token, TRIM(IF(_xlpm.afterQ="","", _xlfn.TEXTBEFORE(_xlpm.afterQ, "/"))), _xlpm.numPart, IFERROR(LEFT(_xlpm.token, FIND(" ", _xlpm.token)-1), _xlpm.token), _xlpm.cleanNum, SUBSTITUTE(_xlpm.numPart, ",",""), IF(_xlpm.cleanNum="", "", VALUE(_xlpm.cleanNum)) )} -> 3960 | K656: {=_xlfn.LET( _xlpm.txt, E656, _xlpm.afterQ, IFERROR(_xlfn.TEXTAFTER(_xlpm.txt,"QTY:"), IFERROR(_xlfn.TEXTAFTER(_xlpm.txt,"QTY "), IFERROR(_xlfn.TEXTAFTER(_xlpm.txt,"(QTY"), ""))), _xlpm.token, TRIM(IF(_xlpm.afterQ="","", _xlfn.TEXTBEFORE(_xlpm.afterQ, "/"))), _xlpm.unitRaw, UPPER(TRIM(RIGHT(_xlpm.token, LEN(_xlpm.token) - FIND("@", SUBSTITUTE(_xlpm.token," ","@", LEN(_xlpm.token)-LEN(SUBSTITUTE(_xlpm.token," ",""))))))), _xlpm.unitRaw )} -> PCS | L656: =IFERROR(_xlfn.TEXTAFTER(_xlfn.TEXTBEFORE(E656," PER"),"USD ")," ") -> 1.195 | M656: =IF(OR(K656="PCS",K656="PC",K656="NOS"),"PCS", IF(OR(K656="SET",K656="SETS"),"SET", IF(K656="PKT","PACK","OTHER"))) -> PCS | N656: 759 | O656: KGS | P656: 539.56523 | Q656: 409530.01 | R656: 6.4968721 | S656: 4931.1259 | T656: 150051.8 | U656: =P656+R656 -> 546.0621 | V656: =YEAR(B656) -> 2023 | W656: =IFERROR(VLOOKUP(VALUE(D656),'HSN Lookup'!$A:$B,2,0),"Unknown") -> Household Steel Items | X656: =IF(ISNUMBER(SEARCH("SCRUBBER",G656)),"Scrubber", IF(ISNUMBER(SEARCH("STRAINER",G656)),"Tea Strainer", IF(ISNUMBER(SEARCH("BASKET",G656)),"Basket", IF(ISNUMBER(SEARCH("HANGER",G656)),"Hanger", IF(ISNUMBER(SEARCH("STAND",G656)),"Cloth Stand", IF(ISNUMBER(SEARCH("SPRINKLER",G656)),"Sprinkler", IF(ISNUMBER(SEARCH("HOLDER",G656)),"Holder", IF(ISNUMBER(SEARCH("LUNCH BOX",G656)),"Lunch Box", "Other")))))))) -> Other
A657: INNSA1 | B657: 2023-06-14 | C657: 0301049751 | D657: 73239990 | E657: STAINLESS STEELSPORTS BOTTLE 650ML S115 (NP-21) (QTY: 20340PCS / USD 1.040 PER PCS) | G657: {=_xlfn.LET( _xlpm.txt, TRIM(E657), _xlpm.posQTY, IFERROR(FIND("(QTY", _xlpm.txt, 1), 0), _xlpm.firstSpace, FIND(" ", _xlpm.txt & " "), _xlpm.afterFirst, TRIM(MID(_xlpm.txt, _xlpm.firstSpace+1, 9999)), _xlpm.namePart, IF(_xlpm.posQTY>0, _xlfn.TEXTBEFORE(_xlpm.afterFirst, "(QTY"), IFERROR(_xlfn.TEXTBEFORE(_xlpm.afterFirst, "("), _xlpm.afterFirst)), TRIM(_xlpm.namePart) )} -> STEELSPORTS BOTTLE 650ML S115 (NP-21) | H657: =IFERROR( IF( AND(ISNUMBER(FIND("(",E657)), NOT(ISNUMBER(SEARCH("QTY", _xlfn.TEXTBEFORE(_xlfn.TEXTAFTER(E657,"("), ")")))) ), _xlfn.TEXTBEFORE(_xlfn.TEXTAFTER(E657,"("), ")"), LEFT(E657, FIND(" ", E657 & " ") - 1) ), "") -> NP-21 | I657: {=_xlfn.LET( _xlpm.txt, E657, _xlpm.afterQty, IFERROR(_xlfn.TEXTAFTER(_xlpm.txt, "QTY:"), ""), _xlpm.numberText, TRIM(_xlfn.TEXTBEFORE(_xlpm.afterQty, " ")), _xlpm.cleanNum, SUBSTITUTE(_xlpm.numberText, ",", ""), IF(ISNUMBER(--_xlpm.cleanNum), --_xlpm.cleanNum, "") )} | J657: {=_xlfn.LET( _xlpm.txt, E657, _xlpm.afterQ, IFERROR(_xlfn.TEXTAFTER(_xlpm.txt,"QTY:"), IFERROR(_xlfn.TEXTAFTER(_xlpm.txt,"QTY "), IFERROR(_xlfn.TEXTAFTER(_xlpm.txt,"(QTY"), ""))), _xlpm.token, TRIM(IF(_xlpm.afterQ="","", _xlfn.TEXTBEFORE(_xlpm.afterQ, "/"))), _xlpm.numPart, IFERROR(LEFT(_xlpm.token, FIND(" ", _xlpm.token)-1), _xlpm.token), _xlpm.cleanNum, SUBSTITUTE(_xlpm.numPart, ",",""), IF(_xlpm.cleanNum="", "", VALUE(_xlpm.cleanNum)) )} -> #VALUE! | K657: {=_xlfn.LET( _xlpm.txt, E657, _xlpm.afterQ, IFERROR(_xlfn.TEXTAFTER(_xlpm.txt,"QTY:"), IFERROR(_xlfn.TEXTAFTER(_xlpm.txt,"QTY "), IFERROR(_xlfn.TEXTAFTER(_xlpm.txt,"(QTY"), ""))), _xlpm.token, TRIM(IF(_xlpm.afterQ="","", _xlfn.TEXTBEFORE(_xlpm.afterQ, "/"))), _xlpm.unitRaw, UPPER(TRIM(RIGHT(_xlpm.token, LEN(_xlpm.token) - FIND("@", SUBSTITUTE(_xlpm.token," ","@", LEN(_xlpm.token)-LEN(SUBSTITUTE(_xlpm.token," ",""))))))), _xlpm.unitRaw )} -> #VALUE! | L657: =IFERROR(_xlfn.TEXTAFTER(_xlfn.TEXTBEFORE(E657," PER"),"USD ")," ") -> 1.040 | M657: =IF(OR(K657="PCS",K657="PC",K657="NOS"),"PCS", IF(OR(K657="SET",K657="SETS"),"SET", IF(K657="PKT","PACK","OTHER"))) -> #VALUE! | N657: 3616 | O657: KGS | P657: 509.02757 | Q657: 1840643.7 | R657: 6.103448 | S657: 22070.068 | T657: 674411.8 | U657: =P657+R657 -> 515.13101 | V657: =YEAR(B657) -> 2023 | W657: =IFERROR(VLOOKUP(VALUE(D657),'HSN Lookup'!$A:$B,2,0),"Unknown") -> Household Steel Items | X657: =IF(ISNUMBER(SEARCH("SCRUBBER",G657)),"Scrubber", IF(ISNUMBER(SEARCH("STRAINER",G657)),"Tea Strainer", IF(ISNUMBER(SEARCH("BASKET",G657)),"Basket", IF(ISNUMBER(SEARCH("HANGER",G657)),"Hanger", IF(ISNUMBER(SEARCH("STAND",G657)),"Cloth Stand", IF(ISNUMBER(SEARCH("SPRINKLER",G657)),"Sprinkler", IF(ISNUMBER(SEARCH("HOLDER",G657)),"Holder", IF(ISNUMBER(SEARCH("LUNCH BOX",G657)),"Lunch Box", "Other")))))))) -> Other
A658: INNSA1 | B658: 2023-06-14 | C658: 0301049751 | D658: 73239990 | E658: STAINLESS STEEL COLA BOTTLE 750ML SK750 (SL-01) (QTY: 21216PCS / USD 1.195 PER PCS) | G658: {=_xlfn.LET( _xlpm.txt, TRIM(E658), _xlpm.posQTY, IFERROR(FIND("(QTY", _xlpm.txt, 1), 0), _xlpm.firstSpace, FIND(" ", _xlpm.txt & " "), _xlpm.afterFirst, TRIM(MID(_xlpm.txt, _xlpm.firstSpace+1, 9999)), _xlpm.namePart, IF(_xlpm.posQTY>0, _xlfn.TEXTBEFORE(_xlpm.afterFirst, "(QTY"), IFERROR(_xlfn.TEXTBEFORE(_xlpm.afterFirst, "("), _xlpm.afterFirst)), TRIM(_xlpm.namePart) )} -> STEEL COLA BOTTLE 750ML SK750 (SL-01) | H658: =IFERROR( IF( AND(ISNUMBER(FIND("(",E658)), NOT(ISNUMBER(SEARCH("QTY", _xlfn.TEXTBEFORE(_xlfn.TEXTAFTER(E658,"("), ")")))) ), _xlfn.TEXTBEFORE(_xlfn.TEXTAFTER(E658,"("), ")"), LEFT(E658, FIND(" ", E658 & " ") - 1) ), "") -> SL-01 | I658: {=_xlfn.LET( _xlpm.txt, E658, _xlpm.afterQty, IFERROR(_xlfn.TEXTAFTER(_xlpm.txt, "QTY:"), ""), _xlpm.numberText, TRIM(_xlfn.TEXTBEFORE(_xlpm.afterQty, " ")), _xlpm.cleanNum, SUBSTITUTE(_xlpm.numberText, ",", ""), IF(ISNUMBER(--_xlpm.cleanNum), --_xlpm.cleanNum, "") )} | J658: {=_xlfn.LET( _xlpm.txt, E658, _xlpm.afterQ, IFERROR(_xlfn.TEXTAFTER(_xlpm.txt,"QTY:"), IFERROR(_xlfn.TEXTAFTER(_xlpm.txt,"QTY "), IFERROR(_xlfn.TEXTAFTER(_xlpm.txt,"(QTY"), ""))), _xlpm.token, TRIM(IF(_xlpm.afterQ="","", _xlfn.TEXTBEFORE(_xlpm.afterQ, "/"))), _xlpm.numPart, IFERROR(LEFT(_xlpm.token, FIND(" ", _xlpm.token)-1), _xlpm.token), _xlpm.cleanNum, SUBSTITUTE(_xlpm.numPart, ",",""), IF(_xlpm.cleanNum="", "", VALUE(_xlpm.cleanNum)) )} -> #VALUE! | K658: {=_xlfn.LET( _xlpm.txt, E658, _xlpm.afterQ, IFERROR(_xlfn.TEXTAFTER(_xlpm.txt,"QTY:"), IFERROR(_xlfn.TEXTAFTER(_xlpm.txt,"QTY "), IFERROR(_xlfn.TEXTAFTER(_xlpm.txt,"(QTY"), ""))), _xlpm.token, TRIM(IF(_xlpm.afterQ="","", _xlfn.TEXTBEFORE(_xlpm.afterQ, "/"))), _xlpm.unitRaw, UPPER(TRIM(RIGHT(_xlpm.token, LEN(_xlpm.token) - FIND("@", SUBSTITUTE(_xlpm.token," ","@", LEN(_xlpm.token)-LEN(SUBSTITUTE(_xlpm.token," ",""))))))), _xlpm.unitRaw )} -> #VALUE! | L658: =IFERROR(_xlfn.TEXTAFTER(_xlfn.TEXTBEFORE(E658," PER"),"USD ")," ") -> 1.195 | M658: =IF(OR(K658="PCS",K658="PC",K658="NOS"),"PCS", IF(OR(K658="SET",K658="SETS"),"SET", IF(K658="PKT","PACK","OTHER"))) -> #VALUE! | N658: 4066 | O658: KGS | P658: 542.50879 | Q658: 2206057.7 | R658: 6.5049015 | S658: 26451.532 | T658: 808299.6 | U658: =P658+R658 -> 549.01369 | V658: =YEAR(B658) -> 2023 | W658: =IFERROR(VLOOKUP(VALUE(D658),'HSN Lookup'!$A:$B,2,0),"Unknown") -> Household Steel Items | X658: =IF(ISNUMBER(SEARCH("SCRUBBER",G658)),"Scrubber", IF(ISNUMBER(SEARCH("STRAINER",G658)),"Tea Strainer", IF(ISNUMBER(SEARCH("BASKET",G658)),"Basket", IF(ISNUMBER(SEARCH("HANGER",G658)),"Hanger", IF(ISNUMBER(SEARCH("STAND",G658)),"Cloth Stand", IF(ISNUMBER(SEARCH("SPRINKLER",G658)),"Sprinkler", IF(ISNUMBER(SEARCH("HOLDER",G658)),"Holder", IF(ISNUMBER(SEARCH("LUNCH BOX",G658)),"Lunch Box", "Other")))))))) -> Other
A659: INNSA1 | B659: 2023-06-13 | C659: 0301049751 | D659: 73231000 | E659: STEEL SCRUBBER 2PCS SET (ITEM NO: 8001-2) (QTY: 168120 SETS& 0.16 USD PER SET) | G659: {=_xlfn.LET( _xlpm.txt, TRIM(E659), _xlpm.posQTY, IFERROR(FIND("(QTY", _xlpm.txt, 1), 0), _xlpm.firstSpace, FIND(" ", _xlpm.txt & " "), _xlpm.afterFirst, TRIM(MID(_xlpm.txt, _xlpm.firstSpace+1, 9999)), _xlpm.namePart, IF(_xlpm.posQTY>0, _xlfn.TEXTBEFORE(_xlpm.afterFirst, "(QTY"), IFERROR(_xlfn.TEXTBEFORE(_xlpm.afterFirst, "("), _xlpm.afterFirst)), TRIM(_xlpm.namePart) )} -> SCRUBBER 2PCS SET (ITEM NO: 8001-2) | H659: =IFERROR( IF( AND(ISNUMBER(FIND("(",E659)), NOT(ISNUMBER(SEARCH("QTY", _xlfn.TEXTBEFORE(_xlfn.TEXTAFTER(E659,"("), ")")))) ), _xlfn.TEXTBEFORE(_xlfn.TEXTAFTER(E659,"("), ")"), LEFT(E659, FIND(" ", E659 & " ") - 1) ), "") -> ITEM NO: 8001-2 | I659: {=_xlfn.LET( _xlpm.txt, E659, _xlpm.afterQty, IFERROR(_xlfn.TEXTAFTER(_xlpm.txt, "QTY:"), ""), _xlpm.numberText, TRIM(_xlfn.TEXTBEFORE(_xlpm.afterQty, " ")), _xlpm.cleanNum, SUBSTITUTE(_xlpm.numberText, ",", ""), IF(ISNUMBER(--_xlpm.cleanNum), --_xlpm.cleanNum, "") )} | J659: {=_xlfn.LET( _xlpm.txt, E659, _xlpm.afterQ, IFERROR(_xlfn.TEXTAFTER(_xlpm.txt,"QTY:"), IFERROR(_xlfn.TEXTAFTER(_xlpm.txt,"QTY "), IFERROR(_xlfn.TEXTAFTER(_xlpm.txt,"(QTY"), ""))), _xlpm.token, TRIM(IF(_xlpm.afterQ="","", _xlfn.TEXTBEFORE(_xlpm.afterQ, "/"))), _xlpm.numPart, IFERROR(LEFT(_xlpm.token, FIND(" ", _xlpm.token)-1), _xlpm.token), _xlpm.cleanNum, SUBSTITUTE(_xlpm.numPart, ",",""), IF(_xlpm.cleanNum="", "", VALUE(_xlpm.cleanNum)) )} -> #N/A | K659: {=_xlfn.LET( _xlpm.txt, E659, _xlpm.afterQ, IFERROR(_xlfn.TEXTAFTER(_xlpm.txt,"QTY:"), IFERROR(_xlfn.TEXTAFTER(_xlpm.txt,"QTY "), IFERROR(_xlfn.TEXTAFTER(_xlpm.txt,"(QTY"), ""))), _xlpm.token, TRIM(IF(_xlpm.afterQ="","", _xlfn.TEXTBEFORE(_xlpm.afterQ, "/"))), _xlpm.unitRaw, UPPER(TRIM(RIGHT(_xlpm.token, LEN(_xlpm.token) - FIND("@", SUBSTITUTE(_xlpm.token," ","@", LEN(_xlpm.token)-LEN(SUBSTITUTE(_xlpm.token," ",""))))))), _xlpm.unitRaw )} -> #N/A | L659: =IFERROR(_xlfn.TEXTAFTER(_xlfn.TEXTBEFORE(E659," PER"),"USD ")," ") | M659: =IF(OR(K659="PCS",K659="PC",K659="NOS"),"PCS", IF(OR(K659="SET",K659="SETS"),"SET", IF(K659="PKT","PACK","OTHER"))) -> #N/A | N659: 4903 | O659: KGS | P659: 466.91972 | Q659: 2289307.4 | R659: 5.5985578 | S659: 27449.729 | T659: 1006379.5 | U659: =P659+R659 -> 472.51828 | V659: =YEAR(B659) -> 2023 | W659: =IFERROR(VLOOKUP(VALUE(D659),'HSN Lookup'!$A:$B,2,0),"Unknown") -> Steel Scrubbers | X659: =IF(ISNUMBER(SEARCH("SCRUBBER",G659)),"Scrubber", IF(ISNUMBER(SEARCH("STRAINER",G659)),"Tea Strainer", IF(ISNUMBER(SEARCH("BASKET",G659)),"Basket", IF(ISNUMBER(SEARCH("HANGER",G659)),"Hanger", IF(ISNUMBER(SEARCH("STAND",G659)),"Cloth Stand", IF(ISNUMBER(SEARCH("SPRINKLER",G659)),"Sprinkler", IF(ISNUMBER(SEARCH("HOLDER",G659)),"Holder", IF(ISNUMBER(SEARCH("LUNCH BOX",G659)),"Lunch Box", "Other")))))))) -> Scrubber
A660: INNSA1 | B660: 2023-06-12 | C660: 0301049751 | D660: 73239990 | E660: NP-20 STAINLESS STEEL SPORTS BOTTLE 750 ML S-308-C6 (QTY:19656 NUM/USD 1.025 PER NUM) | F660: =LEFT(E660, FIND(" ", E660)-1) -> NP-20 | G660: {=_xlfn.LET( _xlpm.txt, TRIM(E660), _xlpm.posQTY, IFERROR(FIND("(QTY", _xlpm.txt, 1), 0), _xlpm.firstSpace, FIND(" ", _xlpm.txt & " "), _xlpm.afterFirst, TRIM(MID(_xlpm.txt, _xlpm.firstSpace+1, 9999)), _xlpm.namePart, IF(_xlpm.posQTY>0, _xlfn.TEXTBEFORE(_xlpm.afterFirst, "(QTY"), IFERROR(_xlfn.TEXTBEFORE(_xlpm.afterFirst, "("), _xlpm.afterFirst)), TRIM(_xlpm.namePart) )} -> STAINLESS STEEL SPORTS BOTTLE 750 ML S-308-C6 | H660: =IFERROR( IF( AND(ISNUMBER(FIND("(",E660)), NOT(ISNUMBER(SEARCH("QTY", _xlfn.TEXTBEFORE(_xlfn.TEXTAFTER(E660,"("), ")")))) ), _xlfn.TEXTBEFORE(_xlfn.TEXTAFTER(E660,"("), ")"), LEFT(E660, FIND(" ", E660 & " ") - 1) ), "") -> NP-20 | I660: {=_xlfn.LET( _xlpm.txt, E660, _xlpm.afterQty, IFERROR(_xlfn.TEXTAFTER(_xlpm.txt, "QTY:"), ""), _xlpm.numberText, TRIM(_xlfn.TEXTBEFORE(_xlpm.afterQty, " ")), _xlpm.cleanNum, SUBSTITUTE(_xlpm.numberText, ",", ""), IF(ISNUMBER(--_xlpm.cleanNum), --_xlpm.cleanNum, "") )} -> 19656 | J660: {=_xlfn.LET( _xlpm.txt, E660, _xlpm.afterQ, IFERROR(_xlfn.TEXTAFTER(_xlpm.txt,"QTY:"), IFERROR(_xlfn.TEXTAFTER(_xlpm.txt,"QTY "), IFERROR(_xlfn.TEXTAFTER(_xlpm.txt,"(QTY"), ""))), _xlpm.token, TRIM(IF(_xlpm.afterQ="","", _xlfn.TEXTBEFORE(_xlpm.afterQ, "/"))), _xlpm.numPart, IFERROR(LEFT(_xlpm.token, FIND(" ", _xlpm.token)-1), _xlpm.token), _xlpm.cleanNum, SUBSTITUTE(_xlpm.numPart, ",",""), IF(_xlpm.cleanNum="", "", VALUE(_xlpm.cleanNum)) )} -> 19656 | K660: {=_xlfn.LET( _xlpm.txt, E660, _xlpm.afterQ, IFERROR(_xlfn.TEXTAFTER(_xlpm.txt,"QTY:"), IFERROR(_xlfn.TEXTAFTER(_xlpm.txt,"QTY "), IFERROR(_xlfn.TEXTAFTER(_xlpm.txt,"(QTY"), ""))), _xlpm.token, TRIM(IF(_xlpm.afterQ="","", _xlfn.TEXTBEFORE(_xlpm.afterQ, "/"))), _xlpm.unitRaw, UPPER(TRIM(RIGHT(_xlpm.token, LEN(_xlpm.token) - FIND("@", SUBSTITUTE(_xlpm.token," ","@", LEN(_xlpm.token)-LEN(SUBSTITUTE(_xlpm.token," ",""))))))), _xlpm.unitRaw )} -> NUM | L660: =IFERROR(_xlfn.TEXTAFTER(_xlfn.TEXTBEFORE(E660," PER"),"USD ")," ") -> 1.025 | M660: =IF(OR(K660="PCS",K660="PC",K660="NOS"),"PCS", IF(OR(K660="SET",K660="SETS"),"SET", IF(K660="PKT","PACK","OTHER"))) -> OTHER | N660: 3221 | O660: KGS | P660: 541.04561 | Q660: 1742924.3 | R660: 6.4873574 | S660: 20898.373 | T660: 638607.5 | U660: =P660+R660 -> 547.53297 | V660: =YEAR(B660) -> 2023 | W660: =IFERROR(VLOOKUP(VALUE(D660),'HSN Lookup'!$A:$B,2,0),"Unknown") -> Household Steel Items | X660: =IF(ISNUMBER(SEARCH("SCRUBBER",G660)),"Scrubber", IF(ISNUMBER(SEARCH("STRAINER",G660)),"Tea Strainer", IF(ISNUMBER(SEARCH("BASKET",G660)),"Basket", IF(ISNUMBER(SEARCH("HANGER",G660)),"Hanger", IF(ISNUMBER(SEARCH("STAND",G660)),"Cloth Stand", IF(ISNUMBER(SEARCH("SPRINKLER",G660)),"Sprinkler", IF(ISNUMBER(SEARCH("HOLDER",G660)),"Holder", IF(ISNUMBER(SEARCH("LUNCH BOX",G660)),"Lunch Box", "Other")))))))) -> Other
A661: INNSA1 | B661: 2023-06-12 | C661: 0301049751 | D661: 73239990 | E661: SL-01 STAINLESS STEEL COLA BOTTLE 750ML SK750 (QTY:5376 NUM/USD 1.195 PER NUM) | F661: =LEFT(E661, FIND(" ", E661)-1) -> SL-01 | G661: {=_xlfn.LET( _xlpm.txt, TRIM(E661), _xlpm.posQTY, IFERROR(FIND("(QTY", _xlpm.txt, 1), 0), _xlpm.firstSpace, FIND(" ", _xlpm.txt & " "), _xlpm.afterFirst, TRIM(MID(_xlpm.txt, _xlpm.firstSpace+1, 9999)), _xlpm.namePart, IF(_xlpm.posQTY>0, _xlfn.TEXTBEFORE(_xlpm.afterFirst, "(QTY"), IFERROR(_xlfn.TEXTBEFORE(_xlpm.afterFirst, "("), _xlpm.afterFirst)), TRIM(_xlpm.namePart) )} -> STAINLESS STEEL COLA BOTTLE 750ML SK750 | H661: =IFERROR( IF( AND(ISNUMBER(FIND("(",E661)), NOT(ISNUMBER(SEARCH("QTY", _xlfn.TEXTBEFORE(_xlfn.TEXTAFTER(E661,"("), ")")))) ), _xlfn.TEXTBEFORE(_xlfn.TEXTAFTER(E661,"("), ")"), LEFT(E661, FIND(" ", E661 & " ") - 1) ), "") -> SL-01 | I661: {=_xlfn.LET( _xlpm.txt, E661, _xlpm.afterQty, IFERROR(_xlfn.TEXTAFTER(_xlpm.txt, "QTY:"), ""), _xlpm.numberText, TRIM(_xlfn.TEXTBEFORE(_xlpm.afterQty, " ")), _xlpm.cleanNum, SUBSTITUTE(_xlpm.numberText, ",", ""), IF(ISNUMBER(--_xlpm.cleanNum), --_xlpm.cleanNum, "") )} -> 5376 | J661: {=_xlfn.LET( _xlpm.txt, E661, _xlpm.afterQ, IFERROR(_xlfn.TEXTAFTER(_xlpm.txt,"QTY:"), IFERROR(_xlfn.TEXTAFTER(_xlpm.txt,"QTY "), IFERROR(_xlfn.TEXTAFTER(_xlpm.txt,"(QTY"), ""))), _xlpm.token, TRIM(IF(_xlpm.afterQ="","", _xlfn.TEXTBEFORE(_xlpm.afterQ, "/"))), _xlpm.numPart, IFERROR(LEFT(_xlpm.token, FIND(" ", _xlpm.token)-1), _xlpm.token), _xlpm.cleanNum, SUBSTITUTE(_xlpm.numPart, ",",""), IF(_xlpm.cleanNum="", "", VALUE(_xlpm.cleanNum)) )} -> 5376 | K661: {=_xlfn.LET( _xlpm.txt, E661, _xlpm.afterQ, IFERROR(_xlfn.TEXTAFTER(_xlpm.txt,"QTY:"), IFERROR(_xlfn.TEXTAFTER(_xlpm.txt,"QTY "), IFERROR(_xlfn.TEXTAFTER(_xlpm.txt,"(QTY"), ""))), _xlpm.token, TRIM(IF(_xlpm.afterQ="","", _xlfn.TEXTBEFORE(_xlpm.afterQ, "/"))), _xlpm.unitRaw, UPPER(TRIM(RIGHT(_xlpm.token, LEN(_xlpm.token) - FIND("@", SUBSTITUTE(_xlpm.token," ","@", LEN(_xlpm.token)-LEN(SUBSTITUTE(_xlpm.token," ",""))))))), _xlpm.unitRaw )} -> NUM | L661: =IFERROR(_xlfn.TEXTAFTER(_xlfn.TEXTBEFORE(E661," PER"),"USD ")," ") -> 1.195 | M661: =IF(OR(K661="PCS",K661="PC",K661="NOS"),"PCS", IF(OR(K661="SET",K661="SETS"),"SET", IF(K661="PKT","PACK","OTHER"))) -> OTHER | N661: 1030 | O661: KGS | P661: 539.36267 | Q661: 555759.3 | R661: 6.4671784 | S661: 6663.7806 | T661: 203630.3 | U661: =P661+R661 -> 545.82985 | V661: =YEAR(B661) -> 2023 | W661: =IFERROR(VLOOKUP(VALUE(D661),'HSN Lookup'!$A:$B,2,0),"Unknown") -> Household Steel Items | X661: =IF(ISNUMBER(SEARCH("SCRUBBER",G661)),"Scrubber", IF(ISNUMBER(SEARCH("STRAINER",G661)),"Tea Strainer", IF(ISNUMBER(SEARCH("BASKET",G661)),"Basket", IF(ISNUMBER(SEARCH("HANGER",G661)),"Hanger", IF(ISNUMBER(SEARCH("STAND",G661)),"Cloth Stand", IF(ISNUMBER(SEARCH("SPRINKLER",G661)),"Sprinkler", IF(ISNUMBER(SEARCH("HOLDER",G661)),"Holder", IF(ISNUMBER(SEARCH("LUNCH BOX",G661)),"Lunch Box", "Other")))))))) -> Other
A662: INNSA1 | B662: 2023-06-12 | C662: 0301049751 | D662: 73239990 | E662: NP-21 STAINLESS STEEL SPORTS BOTTLE 650ML S115 (QTY: 16992 NUM USD 1.040 PER NUM) | F662: =LEFT(E662, FIND(" ", E662)-1) -> NP-21 | G662: {=_xlfn.LET( _xlpm.txt, TRIM(E662), _xlpm.posQTY, IFERROR(FIND("(QTY", _xlpm.txt, 1), 0), _xlpm.firstSpace, FIND(" ", _xlpm.txt & " "), _xlpm.afterFirst, TRIM(MID(_xlpm.txt, _xlpm.firstSpace+1, 9999)), _xlpm.namePart, IF(_xlpm.posQTY>0, _xlfn.TEXTBEFORE(_xlpm.afterFirst, "(QTY"), IFERROR(_xlfn.TEXTBEFORE(_xlpm.afterFirst, "("), _xlpm.afterFirst)), TRIM(_xlpm.namePart) )} -> STAINLESS STEEL SPORTS BOTTLE 650ML S115 | H662: =IFERROR( IF( AND(ISNUMBER(FIND("(",E662)), NOT(ISNUMBER(SEARCH("QTY", _xlfn.TEXTBEFORE(_xlfn.TEXTAFTER(E662,"("), ")")))) ), _xlfn.TEXTBEFORE(_xlfn.TEXTAFTER(E662,"("), ")"), LEFT(E662, FIND(" ", E662 & " ") - 1) ), "") -> NP-21 | I662: {=_xlfn.LET( _xlpm.txt, E662, _xlpm.afterQty, IFERROR(_xlfn.TEXTAFTER(_xlpm.txt, "QTY:"), ""), _xlpm.numberText, TRIM(_xlfn.TEXTBEFORE(_xlpm.afterQty, " ")), _xlpm.cleanNum, SUBSTITUTE(_xlpm.numberText, ",", ""), IF(ISNUMBER(--_xlpm.cleanNum), --_xlpm.cleanNum, "") )} | J662: {=_xlfn.LET( _xlpm.txt, E662, _xlpm.afterQ, IFERROR(_xlfn.TEXTAFTER(_xlpm.txt,"QTY:"), IFERROR(_xlfn.TEXTAFTER(_xlpm.txt,"QTY "), IFERROR(_xlfn.TEXTAFTER(_xlpm.txt,"(QTY"), ""))), _xlpm.token, TRIM(IF(_xlpm.afterQ="","", _xlfn.TEXTBEFORE(_xlpm.afterQ, "/"))), _xlpm.numPart, IFERROR(LEFT(_xlpm.token, FIND(" ", _xlpm.token)-1), _xlpm.token), _xlpm.cleanNum, SUBSTITUTE(_xlpm.numPart, ",",""), IF(_xlpm.cleanNum="", "", VALUE(_xlpm.cleanNum)) )} -> #N/A | K662: {=_xlfn.LET( _xlpm.txt, E662, _xlpm.afterQ, IFERROR(_xlfn.TEXTAFTER(_xlpm.txt,"QTY:"), IFERROR(_xlfn.TEXTAFTER(_xlpm.txt,"QTY "), IFERROR(_xlfn.TEXTAFTER(_xlpm.txt,"(QTY"), ""))), _xlpm.token, TRIM(IF(_xlpm.afterQ="","", _xlfn.TEXTBEFORE(_xlpm.afterQ, "/"))), _xlpm.unitRaw, UPPER(TRIM(RIGHT(_xlpm.token, LEN(_xlpm.token) - FIND("@", SUBSTITUTE(_xlpm.token," ","@", LEN(_xlpm.token)-LEN(SUBSTITUTE(_xlpm.token," ",""))))))), _xlpm.unitRaw )} -> #N/A | L662: =IFERROR(_xlfn.TEXTAFTER(_xlfn.TEXTBEFORE(E662," PER"),"USD ")," ") -> 1.040 | M662: =IF(OR(K662="PCS",K662="PC",K662="NOS"),"PCS", IF(OR(K662="SET",K662="SETS"),"SET", IF(K662="PKT","PACK","OTHER"))) -> #N/A | N662: 2973 | O662: KGS | P662: 514.10855 | Q662: 1528753.2 | R662: 6.164371 | S662: 18330.374 | T662: 560135.2 | U662: =P662+R662 -> 520.27292 | V662: =YEAR(B662) -> 2023 | W662: =IFERROR(VLOOKUP(VALUE(D662),'HSN Lookup'!$A:$B,2,0),"Unknown") -> Household Steel Items | X662: =IF(ISNUMBER(SEARCH("SCRUBBER",G662)),"Scrubber", IF(ISNUMBER(SEARCH("STRAINER",G662)),"Tea Strainer", IF(ISNUMBER(SEARCH("BASKET",G662)),"Basket", IF(ISNUMBER(SEARCH("HANGER",G662)),"Hanger", IF(ISNUMBER(SEARCH("STAND",G662)),"Cloth Stand", IF(ISNUMBER(SEARCH("SPRINKLER",G662)),"Sprinkler", IF(ISNUMBER(SEARCH("HOLDER",G662)),"Holder", IF(ISNUMBER(SEARCH("LUNCH BOX",G662)),"Lunch Box", "Other")))))))) -> Other
A663: INNSA1 | B663: 2023-06-09 | C663: 0301049751 | D663: 73239990 | E663: STAINLESS STEEL SPORTS BOTTLE 750ML S-308-C6 (NP-20) (QTY: 15840 PCS / USD 1.0245 PER PCS) | G663: {=_xlfn.LET( _xlpm.txt, TRIM(E663), _xlpm.posQTY, IFERROR(FIND("(QTY", _xlpm.txt, 1), 0), _xlpm.firstSpace, FIND(" ", _xlpm.txt & " "), _xlpm.afterFirst, TRIM(MID(_xlpm.txt, _xlpm.firstSpace+1, 9999)), _xlpm.namePart, IF(_xlpm.posQTY>0, _xlfn.TEXTBEFORE(_xlpm.afterFirst, "(QTY"), IFERROR(_xlfn.TEXTBEFORE(_xlpm.afterFirst, "("), _xlpm.afterFirst)), TRIM(_xlpm.namePart) )} -> STEEL SPORTS BOTTLE 750ML S-308-C6 (NP-20) | H663: =IFERROR( IF( AND(ISNUMBER(FIND("(",E663)), NOT(ISNUMBER(SEARCH("QTY", _xlfn.TEXTBEFORE(_xlfn.TEXTAFTER(E663,"("), ")")))) ), _xlfn.TEXTBEFORE(_xlfn.TEXTAFTER(E663,"("), ")"), LEFT(E663, FIND(" ", E663 & " ") - 1) ), "") -> NP-20 | I663: {=_xlfn.LET( _xlpm.txt, E663, _xlpm.afterQty, IFERROR(_xlfn.TEXTAFTER(_xlpm.txt, "QTY:"), ""), _xlpm.numberText, TRIM(_xlfn.TEXTBEFORE(_xlpm.afterQty, " ")), _xlpm.cleanNum, SUBSTITUTE(_xlpm.numberText, ",", ""), IF(ISNUMBER(--_xlpm.cleanNum), --_xlpm.cleanNum, "") )} | J663: {=_xlfn.LET( _xlpm.txt, E663, _xlpm.afterQ, IFERROR(_xlfn.TEXTAFTER(_xlpm.txt,"QTY:"), IFERROR(_xlfn.TEXTAFTER(_xlpm.txt,"QTY "), IFERROR(_xlfn.TEXTAFTER(_xlpm.txt,"(QTY"), ""))), _xlpm.token, TRIM(IF(_xlpm.afterQ="","", _xlfn.TEXTBEFORE(_xlpm.afterQ, "/"))), _xlpm.numPart, IFERROR(LEFT(_xlpm.token, FIND(" ", _xlpm.token)-1), _xlpm.token), _xlpm.cleanNum, SUBSTITUTE(_xlpm.numPart, ",",""), IF(_xlpm.cleanNum="", "", VALUE(_xlpm.cleanNum)) )} -> 15840 | K663: {=_xlfn.LET( _xlpm.txt, E663, _xlpm.afterQ, IFERROR(_xlfn.TEXTAFTER(_xlpm.txt,"QTY:"), IFERROR(_xlfn.TEXTAFTER(_xlpm.txt,"QTY "), IFERROR(_xlfn.TEXTAFTER(_xlpm.txt,"(QTY"), ""))), _xlpm.token, TRIM(IF(_xlpm.afterQ="","", _xlfn.TEXTBEFORE(_xlpm.afterQ, "/"))), _xlpm.unitRaw, UPPER(TRIM(RIGHT(_xlpm.token, LEN(_xlpm.token) - FIND("@", SUBSTITUTE(_xlpm.token," ","@", LEN(_xlpm.token)-LEN(SUBSTITUTE(_xlpm.token," ",""))))))), _xlpm.unitRaw )} -> PCS | L663: =IFERROR(_xlfn.TEXTAFTER(_xlfn.TEXTBEFORE(E663," PER"),"USD ")," ") -> 1.0245 | M663: =IF(OR(K663="PCS",K663="PC",K663="NOS"),"PCS", IF(OR(K663="SET",K663="SETS"),"SET", IF(K663="PKT","PACK","OTHER"))) -> PCS | N663: 2816 | O663: KGS | P663: 498.42113 | Q663: 1403553.9 | R663: 5.9762726 | S663: 16829.184 | T663: 514262.2 | U663: =P663+R663 -> 504.39741 | V663: =YEAR(B663) -> 2023 | W663: =IFERROR(VLOOKUP(VALUE(D663),'HSN Lookup'!$A:$B,2,0),"Unknown") -> Household Steel Items | X663: =IF(ISNUMBER(SEARCH("SCRUBBER",G663)),"Scrubber", IF(ISNUMBER(SEARCH("STRAINER",G663)),"Tea Strainer", IF(ISNUMBER(SEARCH("BASKET",G663)),"Basket", IF(ISNUMBER(SEARCH("HANGER",G663)),"Hanger", IF(ISNUMBER(SEARCH("STAND",G663)),"Cloth Stand", IF(ISNUMBER(SEARCH("SPRINKLER",G663)),"Sprinkler", IF(ISNUMBER(SEARCH("HOLDER",G663)),"Holder", IF(ISNUMBER(SEARCH("LUNCH BOX",G663)),"Lunch Box", "Other")))))))) -> Other
A664: INNSA1 | B664: 2023-06-09 | C664: 0301049751 | D664: 73239990 | E664: STAINLESS STEEL BOTTLE 750ML SG805 (AM-06) (QTY: 3276 PCS /USD 1.0390 PER PCS) | G664: {=_xlfn.LET( _xlpm.txt, TRIM(E664), _xlpm.posQTY, IFERROR(FIND("(QTY", _xlpm.txt, 1), 0), _xlpm.firstSpace, FIND(" ", _xlpm.txt & " "), _xlpm.afterFirst, TRIM(MID(_xlpm.txt, _xlpm.firstSpace+1, 9999)), _xlpm.namePart, IF(_xlpm.posQTY>0, _xlfn.TEXTBEFORE(_xlpm.afterFirst, "(QTY"), IFERROR(_xlfn.TEXTBEFORE(_xlpm.afterFirst, "("), _xlpm.afterFirst)), TRIM(_xlpm.namePart) )} -> STEEL BOTTLE 750ML SG805 (AM-06) | H664: =IFERROR( IF( AND(ISNUMBER(FIND("(",E664)), NOT(ISNUMBER(SEARCH("QTY", _xlfn.TEXTBEFORE(_xlfn.TEXTAFTER(E664,"("), ")")))) ), _xlfn.TEXTBEFORE(_xlfn.TEXTAFTER(E664,"("), ")"), LEFT(E664, FIND(" ", E664 & " ") - 1) ), "") -> AM-06 | I664: {=_xlfn.LET( _xlpm.txt, E664, _xlpm.afterQty, IFERROR(_xlfn.TEXTAFTER(_xlpm.txt, "QTY:"), ""), _xlpm.numberText, TRIM(_xlfn.TEXTBEFORE(_xlpm.afterQty, " ")), _xlpm.cleanNum, SUBSTITUTE(_xlpm.numberText, ",", ""), IF(ISNUMBER(--_xlpm.cleanNum), --_xlpm.cleanNum, "") )} | J664: {=_xlfn.LET( _xlpm.txt, E664, _xlpm.afterQ, IFERROR(_xlfn.TEXTAFTER(_xlpm.txt,"QTY:"), IFERROR(_xlfn.TEXTAFTER(_xlpm.txt,"QTY "), IFERROR(_xlfn.TEXTAFTER(_xlpm.txt,"(QTY"), ""))), _xlpm.token, TRIM(IF(_xlpm.afterQ="","", _xlfn.TEXTBEFORE(_xlpm.afterQ, "/"))), _xlpm.numPart, IFERROR(LEFT(_xlpm.token, FIND(" ", _xlpm.token)-1), _xlpm.token), _xlpm.cleanNum, SUBSTITUTE(_xlpm.numPart, ",",""), IF(_xlpm.cleanNum="", "", VALUE(_xlpm.cleanNum)) )} -> 3276 | K664: {=_xlfn.LET( _xlpm.txt, E664, _xlpm.afterQ, IFERROR(_xlfn.TEXTAFTER(_xlpm.txt,"QTY:"), IFERROR(_xlfn.TEXTAFTER(_xlpm.txt,"QTY "), IFERROR(_xlfn.TEXTAFTER(_xlpm.txt,"(QTY"), ""))), _xlpm.token, TRIM(IF(_xlpm.afterQ="","", _xlfn.TEXTBEFORE(_xlpm.afterQ, "/"))), _xlpm.unitRaw, UPPER(TRIM(RIGHT(_xlpm.token, LEN(_xlpm.token) - FIND("@", SUBSTITUTE(_xlpm.token," ","@", LEN(_xlpm.token)-LEN(SUBSTITUTE(_xlpm.token," ",""))))))), _xlpm.unitRaw )} -> PCS | L664: =IFERROR(_xlfn.TEXTAFTER(_xlfn.TEXTBEFORE(E664," PER"),"USD ")," ") -> 1.0390 | M664: =IF(OR(K664="PCS",K664="PC",K664="NOS"),"PCS", IF(OR(K664="SET",K664="SETS"),"SET", IF(K664="PKT","PACK","OTHER"))) -> PCS | N664: 491 | O664: KGS | P664: 599.08136 | Q664: 294388.58 | R664: 7.1832297 | S664: 3529.8391 | T664: 107864 | U664: =P664+R664 -> 606.26459 | V664: =YEAR(B664) -> 2023 | W664: =IFERROR(VLOOKUP(VALUE(D664),'HSN Lookup'!$A:$B,2,0),"Unknown") -> Household Steel Items | X664: =IF(ISNUMBER(SEARCH("SCRUBBER",G664)),"Scrubber", IF(ISNUMBER(SEARCH("STRAINER",G664)),"Tea Strainer", IF(ISNUMBER(SEARCH("BASKET",G664)),"Basket", IF(ISNUMBER(SEARCH("HANGER",G664)),"Hanger", IF(ISNUMBER(SEARCH("STAND",G664)),"Cloth Stand", IF(ISNUMBER(SEARCH("SPRINKLER",G664)),"Sprinkler", IF(ISNUMBER(SEARCH("HOLDER",G664)),"Holder", IF(ISNUMBER(SEARCH("LUNCH BOX",G664)),"Lunch Box", "Other")))))))) -> Other
A665: INNSA1 | B665: 2023-06-09 | C665: 0301049751 | D665: 73239990 | E665: AM-253 STEEL KITCHEN TURNER (QTY:20160 PCS/ USD 0.5305 PER PCS) | F665: =LEFT(E665, FIND(" ", E665)-1) -> AM-253 | G665: {=_xlfn.LET( _xlpm.txt, TRIM(E665), _xlpm.posQTY, IFERROR(FIND("(QTY", _xlpm.txt, 1), 0), _xlpm.firstSpace, FIND(" ", _xlpm.txt & " "), _xlpm.afterFirst, TRIM(MID(_xlpm.txt, _xlpm.firstSpace+1, 9999)), _xlpm.namePart, IF(_xlpm.posQTY>0, _xlfn.TEXTBEFORE(_xlpm.afterFirst, "(QTY"), IFERROR(_xlfn.TEXTBEFORE(_xlpm.afterFirst, "("), _xlpm.afterFirst)), TRIM(_xlpm.namePart) )} -> STEEL KITCHEN TURNER | H665: =IFERROR( IF( AND(ISNUMBER(FIND("(",E665)), NOT(ISNUMBER(SEARCH("QTY", _xlfn.TEXTBEFORE(_xlfn.TEXTAFTER(E665,"("), ")")))) ), _xlfn.TEXTBEFORE(_xlfn.TEXTAFTER(E665,"("), ")"), LEFT(E665, FIND(" ", E665 & " ") - 1) ), "") -> AM-253 | I665: {=_xlfn.LET( _xlpm.txt, E665, _xlpm.afterQty, IFERROR(_xlfn.TEXTAFTER(_xlpm.txt, "QTY:"), ""), _xlpm.numberText, TRIM(_xlfn.TEXTBEFORE(_xlpm.afterQty, " ")), _xlpm.cleanNum, SUBSTITUTE(_xlpm.numberText, ",", ""), IF(ISNUMBER(--_xlpm.cleanNum), --_xlpm.cleanNum, "") )} -> 20160 | J665: {=_xlfn.LET( _xlpm.txt, E665, _xlpm.afterQ, IFERROR(_xlfn.TEXTAFTER(_xlpm.txt,"QTY:"), IFERROR(_xlfn.TEXTAFTER(_xlpm.txt,"QTY "), IFERROR(_xlfn.TEXTAFTER(_xlpm.txt,"(QTY"), ""))), _xlpm.token, TRIM(IF(_xlpm.afterQ="","", _xlfn.TEXTBEFORE(_xlpm.afterQ, "/"))), _xlpm.numPart, IFERROR(LEFT(_xlpm.token, FIND(" ", _xlpm.token)-1), _xlpm.token), _xlpm.cleanNum, SUBSTITUTE(_xlpm.numPart, ",",""), IF(_xlpm.cleanNum="", "", VALUE(_xlpm.cleanNum)) )} -> 20160 | K665: {=_xlfn.LET( _xlpm.txt, E665, _xlpm.afterQ, IFERROR(_xlfn.TEXTAFTER(_xlpm.txt,"QTY:"), IFERROR(_xlfn.TEXTAFTER(_xlpm.txt,"QTY "), IFERROR(_xlfn.TEXTAFTER(_xlpm.txt,"(QTY"), ""))), _xlpm.token, TRIM(IF(_xlpm.afterQ="","", _xlfn.TEXTBEFORE(_xlpm.afterQ, "/"))), _xlpm.unitRaw, UPPER(TRIM(RIGHT(_xlpm.token, LEN(_xlpm.token) - FIND("@", SUBSTITUTE(_xlpm.token," ","@", LEN(_xlpm.token)-LEN(SUBSTITUTE(_xlpm.token," ",""))))))), _xlpm.unitRaw )} -> PCS | L665: =IFERROR(_xlfn.TEXTAFTER(_xlfn.TEXTBEFORE(E665," PER"),"USD ")," ") -> 0.5305 | M665: =IF(OR(K665="PCS",K665="PC",K665="NOS"),"PCS", IF(OR(K665="SET",K665="SETS"),"SET", IF(K665="PKT","PACK","OTHER"))) -> PCS | N665: 1960 | O665: KGS | P665: 474.56112 | Q665: 930139.8 | R665: 5.6901813 | S665: 11152.755 | T665: 340803.3 | U665: =P665+R665 -> 480.2513 | V665: =YEAR(B665) -> 2023 | W665: =IFERROR(VLOOKUP(VALUE(D665),'HSN Lookup'!$A:$B,2,0),"Unknown") -> Household Steel Items | X665: =IF(ISNUMBER(SEARCH("SCRUBBER",G665)),"Scrubber", IF(ISNUMBER(SEARCH("STRAINER",G665)),"Tea Strainer", IF(ISNUMBER(SEARCH("BASKET",G665)),"Basket", IF(ISNUMBER(SEARCH("HANGER",G665)),"Hanger", IF(ISNUMBER(SEARCH("STAND",G665)),"Cloth Stand", IF(ISNUMBER(SEARCH("SPRINKLER",G665)),"Sprinkler", IF(ISNUMBER(SEARCH("HOLDER",G665)),"Holder", IF(ISNUMBER(SEARCH("LUNCH BOX",G665)),"Lunch Box", "Other")))))))) -> Other
A666: INNSA1 | B666: 2023-06-09 | C666: 0301049751 | D666: 73239990 | E666: STAINLESS STEEL SPORTS BOTTLE 750ML SG-702 (SB-01) (QTY: 3096 PCS / USD 1.1100 PER PCS) | G666: {=_xlfn.LET( _xlpm.txt, TRIM(E666), _xlpm.posQTY, IFERROR(FIND("(QTY", _xlpm.txt, 1), 0), _xlpm.firstSpace, FIND(" ", _xlpm.txt & " "), _xlpm.afterFirst, TRIM(MID(_xlpm.txt, _xlpm.firstSpace+1, 9999)), _xlpm.namePart, IF(_xlpm.posQTY>0, _xlfn.TEXTBEFORE(_xlpm.afterFirst, "(QTY"), IFERROR(_xlfn.TEXTBEFORE(_xlpm.afterFirst, "("), _xlpm.afterFirst)), TRIM(_xlpm.namePart) )} -> STEEL SPORTS BOTTLE 750ML SG-702 (SB-01) | H666: =IFERROR( IF( AND(ISNUMBER(FIND("(",E666)), NOT(ISNUMBER(SEARCH("QTY", _xlfn.TEXTBEFORE(_xlfn.TEXTAFTER(E666,"("), ")")))) ), _xlfn.TEXTBEFORE(_xlfn.TEXTAFTER(E666,"("), ")"), LEFT(E666, FIND(" ", E666 & " ") - 1) ), "") -> SB-01 | I666: {=_xlfn.LET( _xlpm.txt, E666, _xlpm.afterQty, IFERROR(_xlfn.TEXTAFTER(_xlpm.txt, "QTY:"), ""), _xlpm.numberText, TRIM(_xlfn.TEXTBEFORE(_xlpm.afterQty, " ")), _xlpm.cleanNum, SUBSTITUTE(_xlpm.numberText, ",", ""), IF(ISNUMBER(--_xlpm.cleanNum), --_xlpm.cleanNum, "") )} | J666: {=_xlfn.LET( _xlpm.txt, E666, _xlpm.afterQ, IFERROR(_xlfn.TEXTAFTER(_xlpm.txt,"QTY:"), IFERROR(_xlfn.TEXTAFTER(_xlpm.txt,"QTY "), IFERROR(_xlfn.TEXTAFTER(_xlpm.txt,"(QTY"), ""))), _xlpm.token, TRIM(IF(_xlpm.afterQ="","", _xlfn.TEXTBEFORE(_xlpm.afterQ, "/"))), _xlpm.numPart, IFERROR(LEFT(_xlpm.token, FIND(" ", _xlpm.token)-1), _xlpm.token), _xlpm.cleanNum, SUBSTITUTE(_xlpm.numPart, ",",""), IF(_xlpm.cleanNum="", "", VALUE(_xlpm.cleanNum)) )} -> 3096 | K666: {=_xlfn.LET( _xlpm.txt, E666, _xlpm.afterQ, IFERROR(_xlfn.TEXTAFTER(_xlpm.txt,"QTY:"), IFERROR(_xlfn.TEXTAFTER(_xlpm.txt,"QTY "), IFERROR(_xlfn.TEXTAFTER(_xlpm.txt,"(QTY"), ""))), _xlpm.token, TRIM(IF(_xlpm.afterQ="","", _xlfn.TEXTBEFORE(_xlpm.afterQ, "/"))), _xlpm.unitRaw, UPPER(TRIM(RIGHT(_xlpm.token, LEN(_xlpm.token) - FIND("@", SUBSTITUTE(_xlpm.token," ","@", LEN(_xlpm.token)-LEN(SUBSTITUTE(_xlpm.token," ",""))))))), _xlpm.unitRaw )} -> PCS | L666: =IFERROR(_xlfn.TEXTAFTER(_xlfn.TEXTBEFORE(E666," PER"),"USD ")," ") -> 1.1100 | M666: =IF(OR(K666="PCS",K666="PC",K666="NOS"),"PCS", IF(OR(K666="SET",K666="SETS"),"SET", IF(K666="PKT","PACK","OTHER"))) -> PCS | N666: 490 | O666: KGS | P666: 606.33494 | Q666: 297225.39 | R666: 7.2702032 | S666: 3563.8536 | T666: 108903.4 | U666: =P666+R666 -> 613.60515 | V666: =YEAR(B666) -> 2023 | W666: =IFERROR(VLOOKUP(VALUE(D666),'HSN Lookup'!$A:$B,2,0),"Unknown") -> Household Steel Items | X666: =IF(ISNUMBER(SEARCH("SCRUBBER",G666)),"Scrubber", IF(ISNUMBER(SEARCH("STRAINER",G666)),"Tea Strainer", IF(ISNUMBER(SEARCH("BASKET",G666)),"Basket", IF(ISNUMBER(SEARCH("HANGER",G666)),"Hanger", IF(ISNUMBER(SEARCH("STAND",G666)),"Cloth Stand", IF(ISNUMBER(SEARCH("SPRINKLER",G666)),"Sprinkler", IF(ISNUMBER(SEARCH("HOLDER",G666)),"Holder", IF(ISNUMBER(SEARCH("LUNCH BOX",G666)),"Lunch Box", "Other")))))))) -> Other
A667: INNSA1 | B667: 2023-06-09 | C667: 0301049751 | D667: 73239990 | E667: STAINLESS STEELSPORTS BOTTLE 650ML S115 (NP-21) (QTY: 20664PCS / USD 1.0400 PER PCS) | G667: {=_xlfn.LET( _xlpm.txt, TRIM(E667), _xlpm.posQTY, IFERROR(FIND("(QTY", _xlpm.txt, 1), 0), _xlpm.firstSpace, FIND(" ", _xlpm.txt & " "), _xlpm.afterFirst, TRIM(MID(_xlpm.txt, _xlpm.firstSpace+1, 9999)), _xlpm.namePart, IF(_xlpm.posQTY>0, _xlfn.TEXTBEFORE(_xlpm.afterFirst, "(QTY"), IFERROR(_xlfn.TEXTBEFORE(_xlpm.afterFirst, "("), _xlpm.afterFirst)), TRIM(_xlpm.namePart) )} -> STEELSPORTS BOTTLE 650ML S115 (NP-21) | H667: =IFERROR( IF( AND(ISNUMBER(FIND("(",E667)), NOT(ISNUMBER(SEARCH("QTY", _xlfn.TEXTBEFORE(_xlfn.TEXTAFTER(E667,"("), ")")))) ), _xlfn.TEXTBEFORE(_xlfn.TEXTAFTER(E667,"("), ")"), LEFT(E667, FIND(" ", E667 & " ") - 1) ), "") -> NP-21 | I667: {=_xlfn.LET( _xlpm.txt, E667, _xlpm.afterQty, IFERROR(_xlfn.TEXTAFTER(_xlpm.txt, "QTY:"), ""), _xlpm.numberText, TRIM(_xlfn.TEXTBEFORE(_xlpm.afterQty, " ")), _xlpm.cleanNum, SUBSTITUTE(_xlpm.numberText, ",", ""), IF(ISNUMBER(--_xlpm.cleanNum), --_xlpm.cleanNum, "") )} | J667: {=_xlfn.LET( _xlpm.txt, E667, _xlpm.afterQ, IFERROR(_xlfn.TEXTAFTER(_xlpm.txt,"QTY:"), IFERROR(_xlfn.TEXTAFTER(_xlpm.txt,"QTY "), IFERROR(_xlfn.TEXTAFTER(_xlpm.txt,"(QTY"), ""))), _xlpm.token, TRIM(IF(_xlpm.afterQ="","", _xlfn.TEXTBEFORE(_xlpm.afterQ, "/"))), _xlpm.numPart, IFERROR(LEFT(_xlpm.token, FIND(" ", _xlpm.token)-1), _xlpm.token), _xlpm.cleanNum, SUBSTITUTE(_xlpm.numPart, ",",""), IF(_xlpm.cleanNum="", "", VALUE(_xlpm.cleanNum)) )} -> #VALUE! | K667: {=_xlfn.LET( _xlpm.txt, E667, _xlpm.afterQ, IFERROR(_xlfn.TEXTAFTER(_xlpm.txt,"QTY:"), IFERROR(_xlfn.TEXTAFTER(_xlpm.txt,"QTY "), IFERROR(_xlfn.TEXTAFTER(_xlpm.txt,"(QTY"), ""))), _xlpm.token, TRIM(IF(_xlpm.afterQ="","", _xlfn.TEXTBEFORE(_xlpm.afterQ, "/"))), _xlpm.unitRaw, UPPER(TRIM(RIGHT(_xlpm.token, LEN(_xlpm.token) - FIND("@", SUBSTITUTE(_xlpm.token," ","@", LEN(_xlpm.token)-LEN(SUBSTITUTE(_xlpm.token," ",""))))))), _xlpm.unitRaw )} -> #VALUE! | L667: =IFERROR(_xlfn.TEXTAFTER(_xlfn.TEXTBEFORE(E667," PER"),"USD ")," ") -> 1.0400 | M667: =IF(OR(K667="PCS",K667="PC",K667="NOS"),"PCS", IF(OR(K667="SET",K667="SETS"),"SET", IF(K667="PKT","PACK","OTHER"))) -> #VALUE! | N667: 3673 | O667: KGS | P667: 505.96196 | Q667: 1858701.8 | R667: 6.0666901 | S667: 22286.593 | T667: 681028.4 | U667: =P667+R667 -> 512.02865 | V667: =YEAR(B667) -> 2023 | W667: =IFERROR(VLOOKUP(VALUE(D667),'HSN Lookup'!$A:$B,2,0),"Unknown") -> Household Steel Items | X667: =IF(ISNUMBER(SEARCH("SCRUBBER",G667)),"Scrubber", IF(ISNUMBER(SEARCH("STRAINER",G667)),"Tea Strainer", IF(ISNUMBER(SEARCH("BASKET",G667)),"Basket", IF(ISNUMBER(SEARCH("HANGER",G667)),"Hanger", IF(ISNUMBER(SEARCH("STAND",G667)),"Cloth Stand", IF(ISNUMBER(SEARCH("SPRINKLER",G667)),"Sprinkler", IF(ISNUMBER(SEARCH("HOLDER",G667)),"Holder", IF(ISNUMBER(SEARCH("LUNCH BOX",G667)),"Lunch Box", "Other")))))))) -> Other
A668: INNSA1 | B668: 2023-06-06 | C668: 0301049751 | D668: 73239990 | E668: STEEL SALT BOTTLE (NP-19) (QTY:60672 PCS /USD 0.4584 PER PCS) | G668: {=_xlfn.LET( _xlpm.txt, TRIM(E668), _xlpm.posQTY, IFERROR(FIND("(QTY", _xlpm.txt, 1), 0), _xlpm.firstSpace, FIND(" ", _xlpm.txt & " "), _xlpm.afterFirst, TRIM(MID(_xlpm.txt, _xlpm.firstSpace+1, 9999)), _xlpm.namePart, IF(_xlpm.posQTY>0, _xlfn.TEXTBEFORE(_xlpm.afterFirst, "(QTY"), IFERROR(_xlfn.TEXTBEFORE(_xlpm.afterFirst, "("), _xlpm.afterFirst)), TRIM(_xlpm.namePart) )} -> SALT BOTTLE (NP-19) | H668: =IFERROR( IF( AND(ISNUMBER(FIND("(",E668)), NOT(ISNUMBER(SEARCH("QTY", _xlfn.TEXTBEFORE(_xlfn.TEXTAFTER(E668,"("), ")")))) ), _xlfn.TEXTBEFORE(_xlfn.TEXTAFTER(E668,"("), ")"), LEFT(E668, FIND(" ", E668 & " ") - 1) ), "") -> NP-19 | I668: {=_xlfn.LET( _xlpm.txt, E668, _xlpm.afterQty, IFERROR(_xlfn.TEXTAFTER(_xlpm.txt, "QTY:"), ""), _xlpm.numberText, TRIM(_xlfn.TEXTBEFORE(_xlpm.afterQty, " ")), _xlpm.cleanNum, SUBSTITUTE(_xlpm.numberText, ",", ""), IF(ISNUMBER(--_xlpm.cleanNum), --_xlpm.cleanNum, "") )} -> 60672 | J668: {=_xlfn.LET( _xlpm.txt, E668, _xlpm.afterQ, IFERROR(_xlfn.TEXTAFTER(_xlpm.txt,"QTY:"), IFERROR(_xlfn.TEXTAFTER(_xlpm.txt,"QTY "), IFERROR(_xlfn.TEXTAFTER(_xlpm.txt,"(QTY"), ""))), _xlpm.token, TRIM(IF(_xlpm.afterQ="","", _xlfn.TEXTBEFORE(_xlpm.afterQ, "/"))), _xlpm.numPart, IFERROR(LEFT(_xlpm.token, FIND(" ", _xlpm.token)-1), _xlpm.token), _xlpm.cleanNum, SUBSTITUTE(_xlpm.numPart, ",",""), IF(_xlpm.cleanNum="", "", VALUE(_xlpm.cleanNum)) )} -> 60672 | K668: {=_xlfn.LET( _xlpm.txt, E668, _xlpm.afterQ, IFERROR(_xlfn.TEXTAFTER(_xlpm.txt,"QTY:"), IFERROR(_xlfn.TEXTAFTER(_xlpm.txt,"QTY "), IFERROR(_xlfn.TEXTAFTER(_xlpm.txt,"(QTY"), ""))), _xlpm.token, TRIM(IF(_xlpm.afterQ="","", _xlfn.TEXTBEFORE(_xlpm.afterQ, "/"))), _xlpm.unitRaw, UPPER(TRIM(RIGHT(_xlpm.token, LEN(_xlpm.token) - FIND("@", SUBSTITUTE(_xlpm.token," ","@", LEN(_xlpm.token)-LEN(SUBSTITUTE(_xlpm.token," ",""))))))), _xlpm.unitRaw )} -> PCS | L668: =IFERROR(_xlfn.TEXTAFTER(_xlfn.TEXTBEFORE(E668," PER"),"USD ")," ") -> 0.4584 | M668: =IF(OR(K668="PCS",K668="PC",K668="NOS"),"PCS", IF(OR(K668="SET",K668="SETS"),"SET", IF(K668="PKT","PACK","OTHER"))) -> PCS | N668: 9480 | O668: KGS | P668: 257.47406 | Q668: 2440854.1 | R668: 3.087219 | S668: 29266.836 | T668: 894328.9 | U668: =P668+R668 -> 260.56128 | V668: =YEAR(B668) -> 2023 | W668: =IFERROR(VLOOKUP(VALUE(D668),'HSN Lookup'!$A:$B,2,0),"Unknown") -> Household Steel Items | X668: =IF(ISNUMBER(SEARCH("SCRUBBER",G668)),"Scrubber", IF(ISNUMBER(SEARCH("STRAINER",G668)),"Tea Strainer", IF(ISNUMBER(SEARCH("BASKET",G668)),"Basket", IF(ISNUMBER(SEARCH("HANGER",G668)),"Hanger", IF(ISNUMBER(SEARCH("STAND",G668)),"Cloth Stand", IF(ISNUMBER(SEARCH("SPRINKLER",G668)),"Sprinkler", IF(ISNUMBER(SEARCH("HOLDER",G668)),"Holder", IF(ISNUMBER(SEARCH("LUNCH BOX",G668)),"Lunch Box", "Other")))))))) -> Other
A669: INNSA1 | B669: 2023-06-06 | C669: 0301049751 | D669: 73239990 | E669: STAINLESS STEEL GRATER WITH HANDLE (DS-25) (QTY:75000 PCS /USD 0.2120 PER PCS) | G669: {=_xlfn.LET( _xlpm.txt, TRIM(E669), _xlpm.posQTY, IFERROR(FIND("(QTY", _xlpm.txt, 1), 0), _xlpm.firstSpace, FIND(" ", _xlpm.txt & " "), _xlpm.afterFirst, TRIM(MID(_xlpm.txt, _xlpm.firstSpace+1, 9999)), _xlpm.namePart, IF(_xlpm.posQTY>0, _xlfn.TEXTBEFORE(_xlpm.afterFirst, "(QTY"), IFERROR(_xlfn.TEXTBEFORE(_xlpm.afterFirst, "("), _xlpm.afterFirst)), TRIM(_xlpm.namePart) )} -> STEEL GRATER WITH HANDLE (DS-25) | H669: =IFERROR( IF( AND(ISNUMBER(FIND("(",E669)), NOT(ISNUMBER(SEARCH("QTY", _xlfn.TEXTBEFORE(_xlfn.TEXTAFTER(E669,"("), ")")))) ), _xlfn.TEXTBEFORE(_xlfn.TEXTAFTER(E669,"("), ")"), LEFT(E669, FIND(" ", E669 & " ") - 1) ), "") -> DS-25 | I669: {=_xlfn.LET( _xlpm.txt, E669, _xlpm.afterQty, IFERROR(_xlfn.TEXTAFTER(_xlpm.txt, "QTY:"), ""), _xlpm.numberText, TRIM(_xlfn.TEXTBEFORE(_xlpm.afterQty, " ")), _xlpm.cleanNum, SUBSTITUTE(_xlpm.numberText, ",", ""), IF(ISNUMBER(--_xlpm.cleanNum), --_xlpm.cleanNum, "") )} -> 75000 | J669: {=_xlfn.LET( _xlpm.txt, E669, _xlpm.afterQ, IFERROR(_xlfn.TEXTAFTER(_xlpm.txt,"QTY:"), IFERROR(_xlfn.TEXTAFTER(_xlpm.txt,"QTY "), IFERROR(_xlfn.TEXTAFTER(_xlpm.txt,"(QTY"), ""))), _xlpm.token, TRIM(IF(_xlpm.afterQ="","", _xlfn.TEXTBEFORE(_xlpm.afterQ, "/"))), _xlpm.numPart, IFERROR(LEFT(_xlpm.token, FIND(" ", _xlpm.token)-1), _xlpm.token), _xlpm.cleanNum, SUBSTITUTE(_xlpm.numPart, ",",""), IF(_xlpm.cleanNum="", "", VALUE(_xlpm.cleanNum)) )} -> 75000 | K669: {=_xlfn.LET( _xlpm.txt, E669, _xlpm.afterQ, IFERROR(_xlfn.TEXTAFTER(_xlpm.txt,"QTY:"), IFERROR(_xlfn.TEXTAFTER(_xlpm.txt,"QTY "), IFERROR(_xlfn.TEXTAFTER(_xlpm.txt,"(QTY"), ""))), _xlpm.token, TRIM(IF(_xlpm.afterQ="","", _xlfn.TEXTBEFORE(_xlpm.afterQ, "/"))), _xlpm.unitRaw, UPPER(TRIM(RIGHT(_xlpm.token, LEN(_xlpm.token) - FIND("@", SUBSTITUTE(_xlpm.token," ","@", LEN(_xlpm.token)-LEN(SUBSTITUTE(_xlpm.token," ",""))))))), _xlpm.unitRaw )} -> PCS | L669: =IFERROR(_xlfn.TEXTAFTER(_xlfn.TEXTBEFORE(E669," PER"),"USD ")," ") -> 0.2120 | M669: =IF(OR(K669="PCS",K669="PC",K669="NOS"),"PCS", IF(OR(K669="SET",K669="SETS"),"SET", IF(K669="PKT","PACK","OTHER"))) -> PCS | N669: 2500 | O669: KGS | P669: 558.16958 | Q669: 1395423.9 | R669: 6.6926808 | S669: 16731.702 | T669: 511283.4 | U669: =P669+R669 -> 564.86226 | V669: =YEAR(B669) -> 2023 | W669: =IFERROR(VLOOKUP(VALUE(D669),'HSN Lookup'!$A:$B,2,0),"Unknown") -> Household Steel Items | X669: =IF(ISNUMBER(SEARCH("SCRUBBER",G669)),"Scrubber", IF(ISNUMBER(SEARCH("STRAINER",G669)),"Tea Strainer", IF(ISNUMBER(SEARCH("BASKET",G669)),"Basket", IF(ISNUMBER(SEARCH("HANGER",G669)),"Hanger", IF(ISNUMBER(SEARCH("STAND",G669)),"Cloth Stand", IF(ISNUMBER(SEARCH("SPRINKLER",G669)),"Sprinkler", IF(ISNUMBER(SEARCH("HOLDER",G669)),"Holder", IF(ISNUMBER(SEARCH("LUNCH BOX",G669)),"Lunch Box", "Other")))))))) -> Other
A670: INNSA1 | B670: 2023-06-06 | C670: 0301049751 | D670: 73239990 | E670: STEEL SPRINKLER (AM-430) (QTY:960 PCS /USD 0.6160 PER PCS) | G670: {=_xlfn.LET( _xlpm.txt, TRIM(E670), _xlpm.posQTY, IFERROR(FIND("(QTY", _xlpm.txt, 1), 0), _xlpm.firstSpace, FIND(" ", _xlpm.txt & " "), _xlpm.afterFirst, TRIM(MID(_xlpm.txt, _xlpm.firstSpace+1, 9999)), _xlpm.namePart, IF(_xlpm.posQTY>0, _xlfn.TEXTBEFORE(_xlpm.afterFirst, "(QTY"), IFERROR(_xlfn.TEXTBEFORE(_xlpm.afterFirst, "("), _xlpm.afterFirst)), TRIM(_xlpm.namePart) )} -> SPRINKLER (AM-430) | H670: =IFERROR( IF( AND(ISNUMBER(FIND("(",E670)), NOT(ISNUMBER(SEARCH("QTY", _xlfn.TEXTBEFORE(_xlfn.TEXTAFTER(E670,"("), ")")))) ), _xlfn.TEXTBEFORE(_xlfn.TEXTAFTER(E670,"("), ")"), LEFT(E670, FIND(" ", E670 & " ") - 1) ), "") -> AM-430 | I670: {=_xlfn.LET( _xlpm.txt, E670, _xlpm.afterQty, IFERROR(_xlfn.TEXTAFTER(_xlpm.txt, "QTY:"), ""), _xlpm.numberText, TRIM(_xlfn.TEXTBEFORE(_xlpm.afterQty, " ")), _xlpm.cleanNum, SUBSTITUTE(_xlpm.numberText, ",", ""), IF(ISNUMBER(--_xlpm.cleanNum), --_xlpm.cleanNum, "") )} -> 960 | J670: {=_xlfn.LET( _xlpm.txt, E670, _xlpm.afterQ, IFERROR(_xlfn.TEXTAFTER(_xlpm.txt,"QTY:"), IFERROR(_xlfn.TEXTAFTER(_xlpm.txt,"QTY "), IFERROR(_xlfn.TEXTAFTER(_xlpm.txt,"(QTY"), ""))), _xlpm.token, TRIM(IF(_xlpm.afterQ="","", _xlfn.TEXTBEFORE(_xlpm.afterQ, "/"))), _xlpm.numPart, IFERROR(LEFT(_xlpm.token, FIND(" ", _xlpm.token)-1), _xlpm.token), _xlpm.cleanNum, SUBSTITUTE(_xlpm.numPart, ",",""), IF(_xlpm.cleanNum="", "", VALUE(_xlpm.cleanNum)) )} -> 960 | K670: {=_xlfn.LET( _xlpm.txt, E670, _xlpm.afterQ, IFERROR(_xlfn.TEXTAFTER(_xlpm.txt,"QTY:"), IFERROR(_xlfn.TEXTAFTER(_xlpm.txt,"QTY "), IFERROR(_xlfn.TEXTAFTER(_xlpm.txt,"(QTY"), ""))), _xlpm.token, TRIM(IF(_xlpm.afterQ="","", _xlfn.TEXTBEFORE(_xlpm.afterQ, "/"))), _xlpm.unitRaw, UPPER(TRIM(RIGHT(_xlpm.token, LEN(_xlpm.token) - FIND("@", SUBSTITUTE(_xlpm.token," ","@", LEN(_xlpm.token)-LEN(SUBSTITUTE(_xlpm.token," ",""))))))), _xlpm.unitRaw )} -> PCS | L670: =IFERROR(_xlfn.TEXTAFTER(_xlfn.TEXTBEFORE(E670," PER"),"USD ")," ") -> 0.6160 | M670: =IF(OR(K670="PCS",K670="PC",K670="NOS"),"PCS", IF(OR(K670="SET",K670="SETS"),"SET", IF(K670="PKT","PACK","OTHER"))) -> PCS | N670: 180 | O670: KGS | P670: 288.32906 | Q670: 51899.23 | R670: 3.4571829 | S670: 622.29293 | T670: 19015.9 | U670: =P670+R670 -> 291.78624 | V670: =YEAR(B670) -> 2023 | W670: =IFERROR(VLOOKUP(VALUE(D670),'HSN Lookup'!$A:$B,2,0),"Unknown") -> Household Steel Items | X670: =IF(ISNUMBER(SEARCH("SCRUBBER",G670)),"Scrubber", IF(ISNUMBER(SEARCH("STRAINER",G670)),"Tea Strainer", IF(ISNUMBER(SEARCH("BASKET",G670)),"Basket", IF(ISNUMBER(SEARCH("HANGER",G670)),"Hanger", IF(ISNUMBER(SEARCH("STAND",G670)),"Cloth Stand", IF(ISNUMBER(SEARCH("SPRINKLER",G670)),"Sprinkler", IF(ISNUMBER(SEARCH("HOLDER",G670)),"Holder", IF(ISNUMBER(SEARCH("LUNCH BOX",G670)),"Lunch Box", "Other")))))))) -> Sprinkler
A671: INNSA1 | B671: 2023-06-02 | C671: 0301049751 | D671: 73231000 | E671: STEEL SCRUBBER 6PCS SET (OKS-4156) (QTY:99000 SET /USD:0.255PER SET) | G671: {=_xlfn.LET( _xlpm.txt, TRIM(E671), _xlpm.posQTY, IFERROR(FIND("(QTY", _xlpm.txt, 1), 0), _xlpm.firstSpace, FIND(" ", _xlpm.txt & " "), _xlpm.afterFirst, TRIM(MID(_xlpm.txt, _xlpm.firstSpace+1, 9999)), _xlpm.namePart, IF(_xlpm.posQTY>0, _xlfn.TEXTBEFORE(_xlpm.afterFirst, "(QTY"), IFERROR(_xlfn.TEXTBEFORE(_xlpm.afterFirst, "("), _xlpm.afterFirst)), TRIM(_xlpm.namePart) )} -> SCRUBBER 6PCS SET (OKS-4156) | H671: =IFERROR( IF( AND(ISNUMBER(FIND("(",E671)), NOT(ISNUMBER(SEARCH("QTY", _xlfn.TEXTBEFORE(_xlfn.TEXTAFTER(E671,"("), ")")))) ), _xlfn.TEXTBEFORE(_xlfn.TEXTAFTER(E671,"("), ")"), LEFT(E671, FIND(" ", E671 & " ") - 1) ), "") -> OKS-4156 | I671: {=_xlfn.LET( _xlpm.txt, E671, _xlpm.afterQty, IFERROR(_xlfn.TEXTAFTER(_xlpm.txt, "QTY:"), ""), _xlpm.numberText, TRIM(_xlfn.TEXTBEFORE(_xlpm.afterQty, " ")), _xlpm.cleanNum, SUBSTITUTE(_xlpm.numberText, ",", ""), IF(ISNUMBER(--_xlpm.cleanNum), --_xlpm.cleanNum, "") )} -> 99000 | J671: {=_xlfn.LET( _xlpm.txt, E671, _xlpm.afterQ, IFERROR(_xlfn.TEXTAFTER(_xlpm.txt,"QTY:"), IFERROR(_xlfn.TEXTAFTER(_xlpm.txt,"QTY "), IFERROR(_xlfn.TEXTAFTER(_xlpm.txt,"(QTY"), ""))), _xlpm.token, TRIM(IF(_xlpm.afterQ="","", _xlfn.TEXTBEFORE(_xlpm.afterQ, "/"))), _xlpm.numPart, IFERROR(LEFT(_xlpm.token, FIND(" ", _xlpm.token)-1), _xlpm.token), _xlpm.cleanNum, SUBSTITUTE(_xlpm.numPart, ",",""), IF(_xlpm.cleanNum="", "", VALUE(_xlpm.cleanNum)) )} -> 99000 | K671: {=_xlfn.LET( _xlpm.txt, E671, _xlpm.afterQ, IFERROR(_xlfn.TEXTAFTER(_xlpm.txt,"QTY:"), IFERROR(_xlfn.TEXTAFTER(_xlpm.txt,"QTY "), IFERROR(_xlfn.TEXTAFTER(_xlpm.txt,"(QTY"), ""))), _xlpm.token, TRIM(IF(_xlpm.afterQ="","", _xlfn.TEXTBEFORE(_xlpm.afterQ, "/"))), _xlpm.unitRaw, UPPER(TRIM(RIGHT(_xlpm.token, LEN(_xlpm.token) - FIND("@", SUBSTITUTE(_xlpm.token," ","@", LEN(_xlpm.token)-LEN(SUBSTITUTE(_xlpm.token," ",""))))))), _xlpm.unitRaw )} -> SET | L671: =IFERROR(_xlfn.TEXTAFTER(_xlfn.TEXTBEFORE(E671," PER"),"USD ")," ") | M671: =IF(OR(K671="PCS",K671="PC",K671="NOS"),"PCS", IF(OR(K671="SET",K671="SETS"),"SET", IF(K671="PKT","PACK","OTHER"))) -> SET | N671: 8624 | O671: KGS | P671: 249.23835 | Q671: 2149650.8 | R671: 2.9884694 | S671: 25775.19 | T671: 944986.5 | U671: =P671+R671 -> 252.22681 | V671: =YEAR(B671) -> 2023 | W671: =IFERROR(VLOOKUP(VALUE(D671),'HSN Lookup'!$A:$B,2,0),"Unknown") -> Steel Scrubbers | X671: =IF(ISNUMBER(SEARCH("SCRUBBER",G671)),"Scrubber", IF(ISNUMBER(SEARCH("STRAINER",G671)),"Tea Strainer", IF(ISNUMBER(SEARCH("BASKET",G671)),"Basket", IF(ISNUMBER(SEARCH("HANGER",G671)),"Hanger", IF(ISNUMBER(SEARCH("STAND",G671)),"Cloth Stand", IF(ISNUMBER(SEARCH("SPRINKLER",G671)),"Sprinkler", IF(ISNUMBER(SEARCH("HOLDER",G671)),"Holder", IF(ISNUMBER(SEARCH("LUNCH BOX",G671)),"Lunch Box", "Other")))))))) -> Scrubber
A672: INNSA1 | B672: 2023-06-01 | C672: 0301049751 | D672: 73239990 | E672: STEEL LUNCH BOX SMALL (6587) (QTY:102000 PCS /USD 1.55 PER PCS) | G672: {=_xlfn.LET( _xlpm.txt, TRIM(E672), _xlpm.posQTY, IFERROR(FIND("(QTY", _xlpm.txt, 1), 0), _xlpm.firstSpace, FIND(" ", _xlpm.txt & " "), _xlpm.afterFirst, TRIM(MID(_xlpm.txt, _xlpm.firstSpace+1, 9999)), _xlpm.namePart, IF(_xlpm.posQTY>0, _xlfn.TEXTBEFORE(_xlpm.afterFirst, "(QTY"), IFERROR(_xlfn.TEXTBEFORE(_xlpm.afterFirst, "("), _xlpm.afterFirst)), TRIM(_xlpm.namePart) )} -> LUNCH BOX SMALL (6587) | H672: =IFERROR( IF( AND(ISNUMBER(FIND("(",E672)), NOT(ISNUMBER(SEARCH("QTY", _xlfn.TEXTBEFORE(_xlfn.TEXTAFTER(E672,"("), ")")))) ), _xlfn.TEXTBEFORE(_xlfn.TEXTAFTER(E672,"("), ")"), LEFT(E672, FIND(" ", E672 & " ") - 1) ), "") -> 6587 | I672: {=_xlfn.LET( _xlpm.txt, E672, _xlpm.afterQty, IFERROR(_xlfn.TEXTAFTER(_xlpm.txt, "QTY:"), ""), _xlpm.numberText, TRIM(_xlfn.TEXTBEFORE(_xlpm.afterQty, " ")), _xlpm.cleanNum, SUBSTITUTE(_xlpm.numberText, ",", ""), IF(ISNUMBER(--_xlpm.cleanNum), --_xlpm.cleanNum, "") )} -> 102000 | J672: {=_xlfn.LET( _xlpm.txt, E672, _xlpm.afterQ, IFERROR(_xlfn.TEXTAFTER(_xlpm.txt,"QTY:"), IFERROR(_xlfn.TEXTAFTER(_xlpm.txt,"QTY "), IFERROR(_xlfn.TEXTAFTER(_xlpm.txt,"(QTY"), ""))), _xlpm.token, TRIM(IF(_xlpm.afterQ="","", _xlfn.TEXTBEFORE(_xlpm.afterQ, "/"))), _xlpm.numPart, IFERROR(LEFT(_xlpm.token, FIND(" ", _xlpm.token)-1), _xlpm.token), _xlpm.cleanNum, SUBSTITUTE(_xlpm.numPart, ",",""), IF(_xlpm.cleanNum="", "", VALUE(_xlpm.cleanNum)) )} -> 102000 | K672: {=_xlfn.LET( _xlpm.txt, E672, _xlpm.afterQ, IFERROR(_xlfn.TEXTAFTER(_xlpm.txt,"QTY:"), IFERROR(_xlfn.TEXTAFTER(_xlpm.txt,"QTY "), IFERROR(_xlfn.TEXTAFTER(_xlpm.txt,"(QTY"), ""))), _xlpm.token, TRIM(IF(_xlpm.afterQ="","", _xlfn.TEXTBEFORE(_xlpm.afterQ, "/"))), _xlpm.unitRaw, UPPER(TRIM(RIGHT(_xlpm.token, LEN(_xlpm.token) - FIND("@", SUBSTITUTE(_xlpm.token," ","@", LEN(_xlpm.token)-LEN(SUBSTITUTE(_xlpm.token," ",""))))))), _xlpm.unitRaw )} -> PCS | L672: =IFERROR(_xlfn.TEXTAFTER(_xlfn.TEXTBEFORE(E672," PER"),"USD ")," ") -> 1.55 | M672: =IF(OR(K672="PCS",K672="PC",K672="NOS"),"PCS", IF(OR(K672="SET",K672="SETS"),"SET", IF(K672="PKT","PACK","OTHER"))) -> PCS | N672: 20697 | O672: KGS | P672: 642.21124 | Q672: 13292167 | R672: 7.7096187 | S672: 159569.83 | T672: 4870250 | U672: =P672+R672 -> 649.92086 | V672: =YEAR(B672) -> 2023 | W672: =IFERROR(VLOOKUP(VALUE(D672),'HSN Lookup'!$A:$B,2,0),"Unknown") -> Household Steel Items | X672: =IF(ISNUMBER(SEARCH("SCRUBBER",G672)),"Scrubber", IF(ISNUMBER(SEARCH("STRAINER",G672)),"Tea Strainer", IF(ISNUMBER(SEARCH("BASKET",G672)),"Basket", IF(ISNUMBER(SEARCH("HANGER",G672)),"Hanger", IF(ISNUMBER(SEARCH("STAND",G672)),"Cloth Stand", IF(ISNUMBER(SEARCH("SPRINKLER",G672)),"Sprinkler", IF(ISNUMBER(SEARCH("HOLDER",G672)),"Holder", IF(ISNUMBER(SEARCH("LUNCH BOX",G672)),"Lunch Box", "Other")))))))) -> Lunch Box
A673: INNSA1 | B673: 2023-06-01 | C673: 0301049751 | D673: 73239990 | E673: STEEL RECTANGLE CONTAINER (6901) (QTY:55200 PCS /USD 0.94 PER PCS) | G673: {=_xlfn.LET( _xlpm.txt, TRIM(E673), _xlpm.posQTY, IFERROR(FIND("(QTY", _xlpm.txt, 1), 0), _xlpm.firstSpace, FIND(" ", _xlpm.txt & " "), _xlpm.afterFirst, TRIM(MID(_xlpm.txt, _xlpm.firstSpace+1, 9999)), _xlpm.namePart, IF(_xlpm.posQTY>0, _xlfn.TEXTBEFORE(_xlpm.afterFirst, "(QTY"), IFERROR(_xlfn.TEXTBEFORE(_xlpm.afterFirst, "("), _xlpm.afterFirst)), TRIM(_xlpm.namePart) )} -> RECTANGLE CONTAINER (6901) | H673: =IFERROR( IF( AND(ISNUMBER(FIND("(",E673)), NOT(ISNUMBER(SEARCH("QTY", _xlfn.TEXTBEFORE(_xlfn.TEXTAFTER(E673,"("), ")")))) ), _xlfn.TEXTBEFORE(_xlfn.TEXTAFTER(E673,"("), ")"), LEFT(E673, FIND(" ", E673 & " ") - 1) ), "") -> 6901 | I673: {=_xlfn.LET( _xlpm.txt, E673, _xlpm.afterQty, IFERROR(_xlfn.TEXTAFTER(_xlpm.txt, "QTY:"), ""), _xlpm.numberText, TRIM(_xlfn.TEXTBEFORE(_xlpm.afterQty, " ")), _xlpm.cleanNum, SUBSTITUTE(_xlpm.numberText, ",", ""), IF(ISNUMBER(--_xlpm.cleanNum), --_xlpm.cleanNum, "") )} -> 55200 | J673: {=_xlfn.LET( _xlpm.txt, E673, _xlpm.afterQ, IFERROR(_xlfn.TEXTAFTER(_xlpm.txt,"QTY:"), IFERROR(_xlfn.TEXTAFTER(_xlpm.txt,"QTY "), IFERROR(_xlfn.TEXTAFTER(_xlpm.txt,"(QTY"), ""))), _xlpm.token, TRIM(IF(_xlpm.afterQ="","", _xlfn.TEXTBEFORE(_xlpm.afterQ, "/"))), _xlpm.numPart, IFERROR(LEFT(_xlpm.token, FIND(" ", _xlpm.token)-1), _xlpm.token), _xlpm.cleanNum, SUBSTITUTE(_xlpm.numPart, ",",""), IF(_xlpm.cleanNum="", "", VALUE(_xlpm.cleanNum)) )} -> 55200 | K673: {=_xlfn.LET( _xlpm.txt, E673, _xlpm.afterQ, IFERROR(_xlfn.TEXTAFTER(_xlpm.txt,"QTY:"), IFERROR(_xlfn.TEXTAFTER(_xlpm.txt,"QTY "), IFERROR(_xlfn.TEXTAFTER(_xlpm.txt,"(QTY"), ""))), _xlpm.token, TRIM(IF(_xlpm.afterQ="","", _xlfn.TEXTBEFORE(_xlpm.afterQ, "/"))), _xlpm.unitRaw, UPPER(TRIM(RIGHT(_xlpm.token, LEN(_xlpm.token) - FIND("@", SUBSTITUTE(_xlpm.token," ","@", LEN(_xlpm.token)-LEN(SUBSTITUTE(_xlpm.token," ",""))))))), _xlpm.unitRaw )} -> PCS | L673: =IFERROR(_xlfn.TEXTAFTER(_xlfn.TEXTBEFORE(E673," PER"),"USD ")," ") -> 0.94 | M673: =IF(OR(K673="PCS",K673="PC",K673="NOS"),"PCS", IF(OR(K673="SET",K673="SETS"),"SET", IF(K673="PKT","PACK","OTHER"))) -> PCS | N673: 8970 | O673: KGS | P673: 486.33824 | Q673: 4362454 | R673: 5.8383943 | S673: 52370.397 | T673: 1598403.2 | U673: =P673+R673 -> 492.17664 | V673: =YEAR(B673) -> 2023 | W673: =IFERROR(VLOOKUP(VALUE(D673),'HSN Lookup'!$A:$B,2,0),"Unknown") -> Household Steel Items | X673: =IF(ISNUMBER(SEARCH("SCRUBBER",G673)),"Scrubber", IF(ISNUMBER(SEARCH("STRAINER",G673)),"Tea Strainer", IF(ISNUMBER(SEARCH("BASKET",G673)),"Basket", IF(ISNUMBER(SEARCH("HANGER",G673)),"Hanger", IF(ISNUMBER(SEARCH("STAND",G673)),"Cloth Stand", IF(ISNUMBER(SEARCH("SPRINKLER",G673)),"Sprinkler", IF(ISNUMBER(SEARCH("HOLDER",G673)),"Holder", IF(ISNUMBER(SEARCH("LUNCH BOX",G673)),"Lunch Box", "Other")))))))) -> Other
A674: INNSA1 | B674: 2023-06-01 | C674: 0301049751 | D674: 73239990 | E674: STEEL LUNCH BOX (6561) (QTY:21888 PCS /USD 2.50 PER PCS) | G674: {=_xlfn.LET( _xlpm.txt, TRIM(E674), _xlpm.posQTY, IFERROR(FIND("(QTY", _xlpm.txt, 1), 0), _xlpm.firstSpace, FIND(" ", _xlpm.txt & " "), _xlpm.afterFirst, TRIM(MID(_xlpm.txt, _xlpm.firstSpace+1, 9999)), _xlpm.namePart, IF(_xlpm.posQTY>0, _xlfn.TEXTBEFORE(_xlpm.afterFirst, "(QTY"), IFERROR(_xlfn.TEXTBEFORE(_xlpm.afterFirst, "("), _xlpm.afterFirst)), TRIM(_xlpm.namePart) )} -> LUNCH BOX (6561) | H674: =IFERROR( IF( AND(ISNUMBER(FIND("(",E674)), NOT(ISNUMBER(SEARCH("QTY", _xlfn.TEXTBEFORE(_xlfn.TEXTAFTER(E674,"("), ")")))) ), _xlfn.TEXTBEFORE(_xlfn.TEXTAFTER(E674,"("), ")"), LEFT(E674, FIND(" ", E674 & " ") - 1) ), "") -> 6561 | I674: {=_xlfn.LET( _xlpm.txt, E674, _xlpm.afterQty, IFERROR(_xlfn.TEXTAFTER(_xlpm.txt, "QTY:"), ""), _xlpm.numberText, TRIM(_xlfn.TEXTBEFORE(_xlpm.afterQty, " ")), _xlpm.cleanNum, SUBSTITUTE(_xlpm.numberText, ",", ""), IF(ISNUMBER(--_xlpm.cleanNum), --_xlpm.cleanNum, "") )} -> 21888 | J674: {=_xlfn.LET( _xlpm.txt, E674, _xlpm.afterQ, IFERROR(_xlfn.TEXTAFTER(_xlpm.txt,"QTY:"), IFERROR(_xlfn.TEXTAFTER(_xlpm.txt,"QTY "), IFERROR(_xlfn.TEXTAFTER(_xlpm.txt,"(QTY"), ""))), _xlpm.token, TRIM(IF(_xlpm.afterQ="","", _xlfn.TEXTBEFORE(_xlpm.afterQ, "/"))), _xlpm.numPart, IFERROR(LEFT(_xlpm.token, FIND(" ", _xlpm.token)-1), _xlpm.token), _xlpm.cleanNum, SUBSTITUTE(_xlpm.numPart, ",",""), IF(_xlpm.cleanNum="", "", VALUE(_xlpm.cleanNum)) )} -> 21888 | K674: {=_xlfn.LET( _xlpm.txt, E674, _xlpm.afterQ, IFERROR(_xlfn.TEXTAFTER(_xlpm.txt,"QTY:"), IFERROR(_xlfn.TEXTAFTER(_xlpm.txt,"QTY "), IFERROR(_xlfn.TEXTAFTER(_xlpm.txt,"(QTY"), ""))), _xlpm.token, TRIM(IF(_xlpm.afterQ="","", _xlfn.TEXTBEFORE(_xlpm.afterQ, "/"))), _xlpm.unitRaw, UPPER(TRIM(RIGHT(_xlpm.token, LEN(_xlpm.token) - FIND("@", SUBSTITUTE(_xlpm.token," ","@", LEN(_xlpm.token)-LEN(SUBSTITUTE(_xlpm.token," ",""))))))), _xlpm.unitRaw )} -> PCS | L674: =IFERROR(_xlfn.TEXTAFTER(_xlfn.TEXTBEFORE(E674," PER"),"USD ")," ") -> 2.50 | M674: =IF(OR(K674="PCS",K674="PC",K674="NOS"),"PCS", IF(OR(K674="SET",K674="SETS"),"SET", IF(K674="PKT","PACK","OTHER"))) -> PCS | N674: 8341 | O674: KGS | P674: 551.50863 | Q674: 4600552.6 | R674: 6.6207518 | S674: 55228.723 | T674: 1685642.5 | U674: =P674+R674 -> 558.12938 | V674: =YEAR(B674) -> 2023 | W674: =IFERROR(VLOOKUP(VALUE(D674),'HSN Lookup'!$A:$B,2,0),"Unknown") -> Household Steel Items | X674: =IF(ISNUMBER(SEARCH("SCRUBBER",G674)),"Scrubber", IF(ISNUMBER(SEARCH("STRAINER",G674)),"Tea Strainer", IF(ISNUMBER(SEARCH("BASKET",G674)),"Basket", IF(ISNUMBER(SEARCH("HANGER",G674)),"Hanger", IF(ISNUMBER(SEARCH("STAND",G674)),"Cloth Stand", IF(ISNUMBER(SEARCH("SPRINKLER",G674)),"Sprinkler", IF(ISNUMBER(SEARCH("HOLDER",G674)),"Holder", IF(ISNUMBER(SEARCH("LUNCH BOX",G674)),"Lunch Box", "Other")))))))) -> Lunch Box
A675: INNSA1 | B675: 2023-06-01 | C675: 0301049751 | D675: 73239990 | E675: STEEL TEA STRAINER BIG (SB-12) (QTY:40800 PCS /USD 1.0838 PER PCS) | G675: {=_xlfn.LET( _xlpm.txt, TRIM(E675), _xlpm.posQTY, IFERROR(FIND("(QTY", _xlpm.txt, 1), 0), _xlpm.firstSpace, FIND(" ", _xlpm.txt & " "), _xlpm.afterFirst, TRIM(MID(_xlpm.txt, _xlpm.firstSpace+1, 9999)), _xlpm.namePart, IF(_xlpm.posQTY>0, _xlfn.TEXTBEFORE(_xlpm.afterFirst, "(QTY"), IFERROR(_xlfn.TEXTBEFORE(_xlpm.afterFirst, "("), _xlpm.afterFirst)), TRIM(_xlpm.namePart) )} -> TEA STRAINER BIG (SB-12) | H675: =IFERROR( IF( AND(ISNUMBER(FIND("(",E675)), NOT(ISNUMBER(SEARCH("QTY", _xlfn.TEXTBEFORE(_xlfn.TEXTAFTER(E675,"("), ")")))) ), _xlfn.TEXTBEFORE(_xlfn.TEXTAFTER(E675,"("), ")"), LEFT(E675, FIND(" ", E675 & " ") - 1) ), "") -> SB-12 | I675: {=_xlfn.LET( _xlpm.txt, E675, _xlpm.afterQty, IFERROR(_xlfn.TEXTAFTER(_xlpm.txt, "QTY:"), ""), _xlpm.numberText, TRIM(_xlfn.TEXTBEFORE(_xlpm.afterQty, " ")), _xlpm.cleanNum, SUBSTITUTE(_xlpm.numberText, ",", ""), IF(ISNUMBER(--_xlpm.cleanNum), --_xlpm.cleanNum, "") )} -> 40800 | J675: {=_xlfn.LET( _xlpm.txt, E675, _xlpm.afterQ, IFERROR(_xlfn.TEXTAFTER(_xlpm.txt,"QTY:"), IFERROR(_xlfn.TEXTAFTER(_xlpm.txt,"QTY "), IFERROR(_xlfn.TEXTAFTER(_xlpm.txt,"(QTY"), ""))), _xlpm.token, TRIM(IF(_xlpm.afterQ="","", _xlfn.TEXTBEFORE(_xlpm.afterQ, "/"))), _xlpm.numPart, IFERROR(LEFT(_xlpm.token, FIND(" ", _xlpm.token)-1), _xlpm.token), _xlpm.cleanNum, SUBSTITUTE(_xlpm.numPart, ",",""), IF(_xlpm.cleanNum="", "", VALUE(_xlpm.cleanNum)) )} -> 40800 | K675: {=_xlfn.LET( _xlpm.txt, E675, _xlpm.afterQ, IFERROR(_xlfn.TEXTAFTER(_xlpm.txt,"QTY:"), IFERROR(_xlfn.TEXTAFTER(_xlpm.txt,"QTY "), IFERROR(_xlfn.TEXTAFTER(_xlpm.txt,"(QTY"), ""))), _xlpm.token, TRIM(IF(_xlpm.afterQ="","", _xlfn.TEXTBEFORE(_xlpm.afterQ, "/"))), _xlpm.unitRaw, UPPER(TRIM(RIGHT(_xlpm.token, LEN(_xlpm.token) - FIND("@", SUBSTITUTE(_xlpm.token," ","@", LEN(_xlpm.token)-LEN(SUBSTITUTE(_xlpm.token," ",""))))))), _xlpm.unitRaw )} -> PCS | L675: =IFERROR(_xlfn.TEXTAFTER(_xlfn.TEXTBEFORE(E675," PER"),"USD ")," ") -> 1.0838 | M675: =IF(OR(K675="PCS",K675="PC",K675="NOS"),"PCS", IF(OR(K675="SET",K675="SETS"),"SET", IF(K675="PKT","PACK","OTHER"))) -> PCS | N675: 9690 | O675: KGS | P675: 404.37822 | Q675: 3918425 | R675: 4.8544804 | S675: 47039.915 | T675: 1435710.9 | U675: =P675+R675 -> 409.2327 | V675: =YEAR(B675) -> 2023 | W675: =IFERROR(VLOOKUP(VALUE(D675),'HSN Lookup'!$A:$B,2,0),"Unknown") -> Household Steel Items | X675: =IF(ISNUMBER(SEARCH("SCRUBBER",G675)),"Scrubber", IF(ISNUMBER(SEARCH("STRAINER",G675)),"Tea Strainer", IF(ISNUMBER(SEARCH("BASKET",G675)),"Basket", IF(ISNUMBER(SEARCH("HANGER",G675)),"Hanger", IF(ISNUMBER(SEARCH("STAND",G675)),"Cloth Stand", IF(ISNUMBER(SEARCH("SPRINKLER",G675)),"Sprinkler", IF(ISNUMBER(SEARCH("HOLDER",G675)),"Holder", IF(ISNUMBER(SEARCH("LUNCH BOX",G675)),"Lunch Box", "Other")))))))) -> Tea Strainer
A676: INNSA1 | B676: 2023-06-01 | C676: 0301049751 | D676: 73239990 | E676: STEEL TEA STRAINER (NP-55) (QTY:92952 PCS /USD 0.2947 PER PCS) | G676: {=_xlfn.LET( _xlpm.txt, TRIM(E676), _xlpm.posQTY, IFERROR(FIND("(QTY", _xlpm.txt, 1), 0), _xlpm.firstSpace, FIND(" ", _xlpm.txt & " "), _xlpm.afterFirst, TRIM(MID(_xlpm.txt, _xlpm.firstSpace+1, 9999)), _xlpm.namePart, IF(_xlpm.posQTY>0, _xlfn.TEXTBEFORE(_xlpm.afterFirst, "(QTY"), IFERROR(_xlfn.TEXTBEFORE(_xlpm.afterFirst, "("), _xlpm.afterFirst)), TRIM(_xlpm.namePart) )} -> TEA STRAINER (NP-55) | H676: =IFERROR( IF( AND(ISNUMBER(FIND("(",E676)), NOT(ISNUMBER(SEARCH("QTY", _xlfn.TEXTBEFORE(_xlfn.TEXTAFTER(E676,"("), ")")))) ), _xlfn.TEXTBEFORE(_xlfn.TEXTAFTER(E676,"("), ")"), LEFT(E676, FIND(" ", E676 & " ") - 1) ), "") -> NP-55 | I676: {=_xlfn.LET( _xlpm.txt, E676, _xlpm.afterQty, IFERROR(_xlfn.TEXTAFTER(_xlpm.txt, "QTY:"), ""), _xlpm.numberText, TRIM(_xlfn.TEXTBEFORE(_xlpm.afterQty, " ")), _xlpm.cleanNum, SUBSTITUTE(_xlpm.numberText, ",", ""), IF(ISNUMBER(--_xlpm.cleanNum), --_xlpm.cleanNum, "") )} -> 92952 | J676: {=_xlfn.LET( _xlpm.txt, E676, _xlpm.afterQ, IFERROR(_xlfn.TEXTAFTER(_xlpm.txt,"QTY:"), IFERROR(_xlfn.TEXTAFTER(_xlpm.txt,"QTY "), IFERROR(_xlfn.TEXTAFTER(_xlpm.txt,"(QTY"), ""))), _xlpm.token, TRIM(IF(_xlpm.afterQ="","", _xlfn.TEXTBEFORE(_xlpm.afterQ, "/"))), _xlpm.numPart, IFERROR(LEFT(_xlpm.token, FIND(" ", _xlpm.token)-1), _xlpm.token), _xlpm.cleanNum, SUBSTITUTE(_xlpm.numPart, ",",""), IF(_xlpm.cleanNum="", "", VALUE(_xlpm.cleanNum)) )} -> 92952 | K676: {=_xlfn.LET( _xlpm.txt, E676, _xlpm.afterQ, IFERROR(_xlfn.TEXTAFTER(_xlpm.txt,"QTY:"), IFERROR(_xlfn.TEXTAFTER(_xlpm.txt,"QTY "), IFERROR(_xlfn.TEXTAFTER(_xlpm.txt,"(QTY"), ""))), _xlpm.token, TRIM(IF(_xlpm.afterQ="","", _xlfn.TEXTBEFORE(_xlpm.afterQ, "/"))), _xlpm.unitRaw, UPPER(TRIM(RIGHT(_xlpm.token, LEN(_xlpm.token) - FIND("@", SUBSTITUTE(_xlpm.token," ","@", LEN(_xlpm.token)-LEN(SUBSTITUTE(_xlpm.token," ",""))))))), _xlpm.unitRaw )} -> PCS | L676: =IFERROR(_xlfn.TEXTAFTER(_xlfn.TEXTBEFORE(E676," PER"),"USD ")," ") -> 0.2947 | M676: =IF(OR(K676="PCS",K676="PC",K676="NOS"),"PCS", IF(OR(K676="SET",K676="SETS"),"SET", IF(K676="PKT","PACK","OTHER"))) -> PCS | N676: 4260 | O676: KGS | P676: 569.7717 | Q676: 2427398.4 | R676: 6.8399964 | S676: 29140.437 | T676: 889398.8 | U676: =P676+R676 -> 576.6117 | V676: =YEAR(B676) -> 2023 | W676: =IFERROR(VLOOKUP(VALUE(D676),'HSN Lookup'!$A:$B,2,0),"Unknown") -> Household Steel Items | X676: =IF(ISNUMBER(SEARCH("SCRUBBER",G676)),"Scrubber", IF(ISNUMBER(SEARCH("STRAINER",G676)),"Tea Strainer", IF(ISNUMBER(SEARCH("BASKET",G676)),"Basket", IF(ISNUMBER(SEARCH("HANGER",G676)),"Hanger", IF(ISNUMBER(SEARCH("STAND",G676)),"Cloth Stand", IF(ISNUMBER(SEARCH("SPRINKLER",G676)),"Sprinkler", IF(ISNUMBER(SEARCH("HOLDER",G676)),"Holder", IF(ISNUMBER(SEARCH("LUNCH BOX",G676)),"Lunch Box", "Other")))))))) -> Tea Strainer
A677: INNSA1 | B677: 2023-06-01 | C677: 0301049751 | D677: 73239990 | E677: STEEL RECTANGLE CONTAINER LARGE (6862) (QTY:1032 PCS /USD 1.50 PER PCS) | G677: {=_xlfn.LET( _xlpm.txt, TRIM(E677), _xlpm.posQTY, IFERROR(FIND("(QTY", _xlpm.txt, 1), 0), _xlpm.firstSpace, FIND(" ", _xlpm.txt & " "), _xlpm.afterFirst, TRIM(MID(_xlpm.txt, _xlpm.firstSpace+1, 9999)), _xlpm.namePart, IF(_xlpm.posQTY>0, _xlfn.TEXTBEFORE(_xlpm.afterFirst, "(QTY"), IFERROR(_xlfn.TEXTBEFORE(_xlpm.afterFirst, "("), _xlpm.afterFirst)), TRIM(_xlpm.namePart) )} -> RECTANGLE CONTAINER LARGE (6862) | H677: =IFERROR( IF( AND(ISNUMBER(FIND("(",E677)), NOT(ISNUMBER(SEARCH("QTY", _xlfn.TEXTBEFORE(_xlfn.TEXTAFTER(E677,"("), ")")))) ), _xlfn.TEXTBEFORE(_xlfn.TEXTAFTER(E677,"("), ")"), LEFT(E677, FIND(" ", E677 & " ") - 1) ), "") -> 6862 | I677: {=_xlfn.LET( _xlpm.txt, E677, _xlpm.afterQty, IFERROR(_xlfn.TEXTAFTER(_xlpm.txt, "QTY:"), ""), _xlpm.numberText, TRIM(_xlfn.TEXTBEFORE(_xlpm.afterQty, " ")), _xlpm.cleanNum, SUBSTITUTE(_xlpm.numberText, ",", ""), IF(ISNUMBER(--_xlpm.cleanNum), --_xlpm.cleanNum, "") )} -> 1032 | J677: {=_xlfn.LET( _xlpm.txt, E677, _xlpm.afterQ, IFERROR(_xlfn.TEXTAFTER(_xlpm.txt,"QTY:"), IFERROR(_xlfn.TEXTAFTER(_xlpm.txt,"QTY "), IFERROR(_xlfn.TEXTAFTER(_xlpm.txt,"(QTY"), ""))), _xlpm.token, TRIM(IF(_xlpm.afterQ="","", _xlfn.TEXTBEFORE(_xlpm.afterQ, "/"))), _xlpm.numPart, IFERROR(LEFT(_xlpm.token, FIND(" ", _xlpm.token)-1), _xlpm.token), _xlpm.cleanNum, SUBSTITUTE(_xlpm.numPart, ",",""), IF(_xlpm.cleanNum="", "", VALUE(_xlpm.cleanNum)) )} -> 1032 | K677: {=_xlfn.LET( _xlpm.txt, E677, _xlpm.afterQ, IFERROR(_xlfn.TEXTAFTER(_xlpm.txt,"QTY:"), IFERROR(_xlfn.TEXTAFTER(_xlpm.txt,"QTY "), IFERROR(_xlfn.TEXTAFTER(_xlpm.txt,"(QTY"), ""))), _xlpm.token, TRIM(IF(_xlpm.afterQ="","", _xlfn.TEXTBEFORE(_xlpm.afterQ, "/"))), _xlpm.unitRaw, UPPER(TRIM(RIGHT(_xlpm.token, LEN(_xlpm.token) - FIND("@", SUBSTITUTE(_xlpm.token," ","@", LEN(_xlpm.token)-LEN(SUBSTITUTE(_xlpm.token," ",""))))))), _xlpm.unitRaw )} -> PCS | L677: =IFERROR(_xlfn.TEXTAFTER(_xlfn.TEXTBEFORE(E677," PER"),"USD ")," ") -> 1.50 | M677: =IF(OR(K677="PCS",K677="PC",K677="NOS"),"PCS", IF(OR(K677="SET",K677="SETS"),"SET", IF(K677="PKT","PACK","OTHER"))) -> PCS | N677: 258 | O677: KGS | P677: 504.44663 | Q677: 130147.23 | R677: 6.0557818 | S677: 1562.3917 | T677: 47685.9 | U677: =P677+R677 -> 510.50241 | V677: =YEAR(B677) -> 2023 | W677: =IFERROR(VLOOKUP(VALUE(D677),'HSN Lookup'!$A:$B,2,0),"Unknown") -> Household Steel Items | X677: =IF(ISNUMBER(SEARCH("SCRUBBER",G677)),"Scrubber", IF(ISNUMBER(SEARCH("STRAINER",G677)),"Tea Strainer", IF(ISNUMBER(SEARCH("BASKET",G677)),"Basket", IF(ISNUMBER(SEARCH("HANGER",G677)),"Hanger", IF(ISNUMBER(SEARCH("STAND",G677)),"Cloth Stand", IF(ISNUMBER(SEARCH("SPRINKLER",G677)),"Sprinkler", IF(ISNUMBER(SEARCH("HOLDER",G677)),"Holder", IF(ISNUMBER(SEARCH("LUNCH BOX",G677)),"Lunch Box", "Other")))))))) -> Other
... A682: INNSA1 | B682: 2023-05-29 | C682: 0301049751 | D682: 73239990 | E682: STAINLESS STEEL SPORTS BOTTLE 750ML SG705-1 (BCLR-3) (QTY:23976 PCS /USD 1.117 PER PCS) | G682: {=_xlfn.LET( _xlpm.txt, TRIM(E682), _xlpm.posQTY, IFERROR(FIND("(QTY", _xlpm.txt, 1), 0), _xlpm.firstSpace, FIND(" ", _xlpm.txt & " "), _xlpm.afterFirst, TRIM(MID(_xlpm.txt, _xlpm.firstSpace+1, 9999)), _xlpm.namePart, IF(_xlpm.posQTY>0, _xlfn.TEXTBEFORE(_xlpm.afterFirst, "(QTY"), IFERROR(_xlfn.TEXTBEFORE(_xlpm.afterFirst, "("), _xlpm.afterFirst)), TRIM(_xlpm.namePart) )} -> STEEL SPORTS BOTTLE 750ML SG705-1 (BCLR-3) | H682: =IFERROR( IF( AND(ISNUMBER(FIND("(",E682)), NOT(ISNUMBER(SEARCH("QTY", _xlfn.TEXTBEFORE(_xlfn.TEXTAFTER(E682,"("), ")")))) ), _xlfn.TEXTBEFORE(_xlfn.TEXTAFTER(E682,"("), ")"), LEFT(E682, FIND(" ", E682 & " ") - 1) ), "") -> BCLR-3 | I682: {=_xlfn.LET( _xlpm.txt, E682, _xlpm.afterQty, IFERROR(_xlfn.TEXTAFTER(_xlpm.txt, "QTY:"), ""), _xlpm.numberText, TRIM(_xlfn.TEXTBEFORE(_xlpm.afterQty, " ")), _xlpm.cleanNum, SUBSTITUTE(_xlpm.numberText, ",", ""), IF(ISNUMBER(--_xlpm.cleanNum), --_xlpm.cleanNum, "") )} -> 23976 | J682: {=_xlfn.LET( _xlpm.txt, E682, _xlpm.afterQ, IFERROR(_xlfn.TEXTAFTER(_xlpm.txt,"QTY:"), IFERROR(_xlfn.TEXTAFTER(_xlpm.txt,"QTY "), IFERROR(_xlfn.TEXTAFTER(_xlpm.txt,"(QTY"), ""))), _xlpm.token, TRIM(IF(_xlpm.afterQ="","", _xlfn.TEXTBEFORE(_xlpm.afterQ, "/"))), _xlpm.numPart, IFERROR(LEFT(_xlpm.token, FIND(" ", _xlpm.token)-1), _xlpm.token), _xlpm.cleanNum, SUBSTITUTE(_xlpm.numPart, ",",""), IF(_xlpm.cleanNum="", "", VALUE(_xlpm.cleanNum)) )} -> 23976 | K682: {=_xlfn.LET( _xlpm.txt, E682, _xlpm.afterQ, IFERROR(_xlfn.TEXTAFTER(_xlpm.txt,"QTY:"), IFERROR(_xlfn.TEXTAFTER(_xlpm.txt,"QTY "), IFERROR(_xlfn.TEXTAFTER(_xlpm.txt,"(QTY"), ""))), _xlpm.token, TRIM(IF(_xlpm.afterQ="","", _xlfn.TEXTBEFORE(_xlpm.afterQ, "/"))), _xlpm.unitRaw, UPPER(TRIM(RIGHT(_xlpm.token, LEN(_xlpm.token) - FIND("@", SUBSTITUTE(_xlpm.token," ","@", LEN(_xlpm.token)-LEN(SUBSTITUTE(_xlpm.token," ",""))))))), _xlpm.unitRaw )} -> PCS | L682: =IFERROR(_xlfn.TEXTAFTER(_xlfn.TEXTBEFORE(E682," PER"),"USD ")," ") -> 1.117 | M682: =IF(OR(K682="PCS",K682="PC",K682="NOS"),"PCS", IF(OR(K682="SET",K682="SETS"),"SET", IF(K682="PKT","PACK","OTHER"))) -> PCS | N682: 3596.4 | O682: KGS | P682: 639.21941 | Q682: 2298888.7 | R682: 7.6737024 | S682: 27597.703 | T682: 842312.8 | U682: =P682+R682 -> 646.89311 | V682: =YEAR(B682) -> 2023 | W682: =IFERROR(VLOOKUP(VALUE(D682),'HSN Lookup'!$A:$B,2,0),"Unknown") -> Household Steel Items | X682: =IF(ISNUMBER(SEARCH("SCRUBBER",G682)),"Scrubber", IF(ISNUMBER(SEARCH("STRAINER",G682)),"Tea Strainer", IF(ISNUMBER(SEARCH("BASKET",G682)),"Basket", IF(ISNUMBER(SEARCH("HANGER",G682)),"Hanger", IF(ISNUMBER(SEARCH("STAND",G682)),"Cloth Stand", IF(ISNUMBER(SEARCH("SPRINKLER",G682)),"Sprinkler", IF(ISNUMBER(SEARCH("HOLDER",G682)),"Holder", IF(ISNUMBER(SEARCH("LUNCH BOX",G682)),"Lunch Box", "Other")))))))) -> Other
A683: INNSA1 | B683: 2023-05-29 | C683: 0301049751 | D683: 73239990 | E683: MILD STEEL MULTI FUNCTION CLOTH STAND (ITEM NO: RYX-02-020)(QTY- 2464 PIECES & 103.00 CNY PER PIECE) | F683: =LEFT(E683, FIND(" ", E683)-1) -> MILD | G683: {=_xlfn.LET( _xlpm.txt, TRIM(E683), _xlpm.posQTY, IFERROR(FIND("(QTY", _xlpm.txt, 1), 0), _xlpm.firstSpace, FIND(" ", _xlpm.txt & " "), _xlpm.afterFirst, TRIM(MID(_xlpm.txt, _xlpm.firstSpace+1, 9999)), _xlpm.namePart, IF(_xlpm.posQTY>0, _xlfn.TEXTBEFORE(_xlpm.afterFirst, "(QTY"), IFERROR(_xlfn.TEXTBEFORE(_xlpm.afterFirst, "("), _xlpm.afterFirst)), TRIM(_xlpm.namePart) )} -> STEEL MULTI FUNCTION CLOTH STAND (ITEM NO: RYX-02-020) | H683: =IFERROR( IF( AND(ISNUMBER(FIND("(",E683)), NOT(ISNUMBER(SEARCH("QTY", _xlfn.TEXTBEFORE(_xlfn.TEXTAFTER(E683,"("), ")")))) ), _xlfn.TEXTBEFORE(_xlfn.TEXTAFTER(E683,"("), ")"), LEFT(E683, FIND(" ", E683 & " ") - 1) ), "") -> ITEM NO: RYX-02-020 | I683: {=_xlfn.LET( _xlpm.txt, E683, _xlpm.afterQty, IFERROR(_xlfn.TEXTAFTER(_xlpm.txt, "QTY:"), ""), _xlpm.numberText, TRIM(_xlfn.TEXTBEFORE(_xlpm.afterQty, " ")), _xlpm.cleanNum, SUBSTITUTE(_xlpm.numberText, ",", ""), IF(ISNUMBER(--_xlpm.cleanNum), --_xlpm.cleanNum, "") )} | J683: {=_xlfn.LET( _xlpm.txt, E683, _xlpm.afterQ, IFERROR(_xlfn.TEXTAFTER(_xlpm.txt,"QTY:"), IFERROR(_xlfn.TEXTAFTER(_xlpm.txt,"QTY "), IFERROR(_xlfn.TEXTAFTER(_xlpm.txt,"(QTY"), ""))), _xlpm.token, TRIM(IF(_xlpm.afterQ="","", _xlfn.TEXTBEFORE(_xlpm.afterQ, "/"))), _xlpm.numPart, IFERROR(LEFT(_xlpm.token, FIND(" ", _xlpm.token)-1), _xlpm.token), _xlpm.cleanNum, SUBSTITUTE(_xlpm.numPart, ",",""), IF(_xlpm.cleanNum="", "", VALUE(_xlpm.cleanNum)) )} -> #N/A | K683: {=_xlfn.LET( _xlpm.txt, E683, _xlpm.afterQ, IFERROR(_xlfn.TEXTAFTER(_xlpm.txt,"QTY:"), IFERROR(_xlfn.TEXTAFTER(_xlpm.txt,"QTY "), IFERROR(_xlfn.TEXTAFTER(_xlpm.txt,"(QTY"), ""))), _xlpm.token, TRIM(IF(_xlpm.afterQ="","", _xlfn.TEXTBEFORE(_xlpm.afterQ, "/"))), _xlpm.unitRaw, UPPER(TRIM(RIGHT(_xlpm.token, LEN(_xlpm.token) - FIND("@", SUBSTITUTE(_xlpm.token," ","@", LEN(_xlpm.token)-LEN(SUBSTITUTE(_xlpm.token," ",""))))))), _xlpm.unitRaw )} -> #N/A | L683: =IFERROR(_xlfn.TEXTAFTER(_xlfn.TEXTBEFORE(E683," PER"),"USD ")," ") | M683: =IF(OR(K683="PCS",K683="PC",K683="NOS"),"PCS", IF(OR(K683="SET",K683="SETS"),"SET", IF(K683="PKT","PACK","OTHER"))) -> #N/A | N683: 8008 | O683: KGS | P683: 390.14004 | Q683: 3124241.4 | R683: 4.6835539 | S683: 37505.9 | T683: 1144722 | U683: =P683+R683 -> 394.82359 | V683: =YEAR(B683) -> 2023 | W683: =IFERROR(VLOOKUP(VALUE(D683),'HSN Lookup'!$A:$B,2,0),"Unknown") -> Household Steel Items | X683: =IF(ISNUMBER(SEARCH("SCRUBBER",G683)),"Scrubber", IF(ISNUMBER(SEARCH("STRAINER",G683)),"Tea Strainer", IF(ISNUMBER(SEARCH("BASKET",G683)),"Basket", IF(ISNUMBER(SEARCH("HANGER",G683)),"Hanger", IF(ISNUMBER(SEARCH("STAND",G683)),"Cloth Stand", IF(ISNUMBER(SEARCH("SPRINKLER",G683)),"Sprinkler", IF(ISNUMBER(SEARCH("HOLDER",G683)),"Holder", IF(ISNUMBER(SEARCH("LUNCH BOX",G683)),"Lunch Box", "Other")))))))) -> Cloth Stand
A684: INNSA1 | B684: 2023-05-29 | C684: 0301049751 | D684: 73239990 | E684: STAINLESS STEEL SPORTS BOTTLE 750ML SG-702 (SB-01) (QTY:21888 PCS /USD 1.110 PER PCS) | G684: {=_xlfn.LET( _xlpm.txt, TRIM(E684), _xlpm.posQTY, IFERROR(FIND("(QTY", _xlpm.txt, 1), 0), _xlpm.firstSpace, FIND(" ", _xlpm.txt & " "), _xlpm.afterFirst, TRIM(MID(_xlpm.txt, _xlpm.firstSpace+1, 9999)), _xlpm.namePart, IF(_xlpm.posQTY>0, _xlfn.TEXTBEFORE(_xlpm.afterFirst, "(QTY"), IFERROR(_xlfn.TEXTBEFORE(_xlpm.afterFirst, "("), _xlpm.afterFirst)), TRIM(_xlpm.namePart) )} -> STEEL SPORTS BOTTLE 750ML SG-702 (SB-01) | H684: =IFERROR( IF( AND(ISNUMBER(FIND("(",E684)), NOT(ISNUMBER(SEARCH("QTY", _xlfn.TEXTBEFORE(_xlfn.TEXTAFTER(E684,"("), ")")))) ), _xlfn.TEXTBEFORE(_xlfn.TEXTAFTER(E684,"("), ")"), LEFT(E684, FIND(" ", E684 & " ") - 1) ), "") -> SB-01 | I684: {=_xlfn.LET( _xlpm.txt, E684, _xlpm.afterQty, IFERROR(_xlfn.TEXTAFTER(_xlpm.txt, "QTY:"), ""), _xlpm.numberText, TRIM(_xlfn.TEXTBEFORE(_xlpm.afterQty, " ")), _xlpm.cleanNum, SUBSTITUTE(_xlpm.numberText, ",", ""), IF(ISNUMBER(--_xlpm.cleanNum), --_xlpm.cleanNum, "") )} -> 21888 | J684: {=_xlfn.LET( _xlpm.txt, E684, _xlpm.afterQ, IFERROR(_xlfn.TEXTAFTER(_xlpm.txt,"QTY:"), IFERROR(_xlfn.TEXTAFTER(_xlpm.txt,"QTY "), IFERROR(_xlfn.TEXTAFTER(_xlpm.txt,"(QTY"), ""))), _xlpm.token, TRIM(IF(_xlpm.afterQ="","", _xlfn.TEXTBEFORE(_xlpm.afterQ, "/"))), _xlpm.numPart, IFERROR(LEFT(_xlpm.token, FIND(" ", _xlpm.token)-1), _xlpm.token), _xlpm.cleanNum, SUBSTITUTE(_xlpm.numPart, ",",""), IF(_xlpm.cleanNum="", "", VALUE(_xlpm.cleanNum)) )} -> 21888 | K684: {=_xlfn.LET( _xlpm.txt, E684, _xlpm.afterQ, IFERROR(_xlfn.TEXTAFTER(_xlpm.txt,"QTY:"), IFERROR(_xlfn.TEXTAFTER(_xlpm.txt,"QTY "), IFERROR(_xlfn.TEXTAFTER(_xlpm.txt,"(QTY"), ""))), _xlpm.token, TRIM(IF(_xlpm.afterQ="","", _xlfn.TEXTBEFORE(_xlpm.afterQ, "/"))), _xlpm.unitRaw, UPPER(TRIM(RIGHT(_xlpm.token, LEN(_xlpm.token) - FIND("@", SUBSTITUTE(_xlpm.token," ","@", LEN(_xlpm.token)-LEN(SUBSTITUTE(_xlpm.token," ",""))))))), _xlpm.unitRaw )} -> PCS | L684: =IFERROR(_xlfn.TEXTAFTER(_xlfn.TEXTBEFORE(E684," PER"),"USD ")," ") -> 1.110 | M684: =IF(OR(K684="PCS",K684="PC",K684="NOS"),"PCS", IF(OR(K684="SET",K684="SETS"),"SET", IF(K684="PKT","PACK","OTHER"))) -> PCS | N684: 3465.6 | O684: KGS | P684: 601.78129 | Q684: 2085533.2 | R684: 7.2242652 | S684: 25036.413 | T684: 764139.4 | U684: =P684+R684 -> 609.00556 | V684: =YEAR(B684) -> 2023 | W684: =IFERROR(VLOOKUP(VALUE(D684),'HSN Lookup'!$A:$B,2,0),"Unknown") -> Household Steel Items | X684: =IF(ISNUMBER(SEARCH("SCRUBBER",G684)),"Scrubber", IF(ISNUMBER(SEARCH("STRAINER",G684)),"Tea Strainer", IF(ISNUMBER(SEARCH("BASKET",G684)),"Basket", IF(ISNUMBER(SEARCH("HANGER",G684)),"Hanger", IF(ISNUMBER(SEARCH("STAND",G684)),"Cloth Stand", IF(ISNUMBER(SEARCH("SPRINKLER",G684)),"Sprinkler", IF(ISNUMBER(SEARCH("HOLDER",G684)),"Holder", IF(ISNUMBER(SEARCH("LUNCH BOX",G684)),"Lunch Box", "Other")))))))) -> Other
A685: INNSA1 | B685: 2023-05-20 | C685: 0301049751 | D685: 73239990 | E685: STEEL LUNCH BOX (6527) (QTY:25680 NOS /USD 1.90 PER NOS) | G685: {=_xlfn.LET( _xlpm.txt, TRIM(E685), _xlpm.posQTY, IFERROR(FIND("(QTY", _xlpm.txt, 1), 0), _xlpm.firstSpace, FIND(" ", _xlpm.txt & " "), _xlpm.afterFirst, TRIM(MID(_xlpm.txt, _xlpm.firstSpace+1, 9999)), _xlpm.namePart, IF(_xlpm.posQTY>0, _xlfn.TEXTBEFORE(_xlpm.afterFirst, "(QTY"), IFERROR(_xlfn.TEXTBEFORE(_xlpm.afterFirst, "("), _xlpm.afterFirst)), TRIM(_xlpm.namePart) )} -> LUNCH BOX (6527) | H685: =IFERROR( IF( AND(ISNUMBER(FIND("(",E685)), NOT(ISNUMBER(SEARCH("QTY", _xlfn.TEXTBEFORE(_xlfn.TEXTAFTER(E685,"("), ")")))) ), _xlfn.TEXTBEFORE(_xlfn.TEXTAFTER(E685,"("), ")"), LEFT(E685, FIND(" ", E685 & " ") - 1) ), "") -> 6527 | I685: {=_xlfn.LET( _xlpm.txt, E685, _xlpm.afterQty, IFERROR(_xlfn.TEXTAFTER(_xlpm.txt, "QTY:"), ""), _xlpm.numberText, TRIM(_xlfn.TEXTBEFORE(_xlpm.afterQty, " ")), _xlpm.cleanNum, SUBSTITUTE(_xlpm.numberText, ",", ""), IF(ISNUMBER(--_xlpm.cleanNum), --_xlpm.cleanNum, "") )} -> 25680 | J685: {=_xlfn.LET( _xlpm.txt, E685, _xlpm.afterQ, IFERROR(_xlfn.TEXTAFTER(_xlpm.txt,"QTY:"), IFERROR(_xlfn.TEXTAFTER(_xlpm.txt,"QTY "), IFERROR(_xlfn.TEXTAFTER(_xlpm.txt,"(QTY"), ""))), _xlpm.token, TRIM(IF(_xlpm.afterQ="","", _xlfn.TEXTBEFORE(_xlpm.afterQ, "/"))), _xlpm.numPart, IFERROR(LEFT(_xlpm.token, FIND(" ", _xlpm.token)-1), _xlpm.token), _xlpm.cleanNum, SUBSTITUTE(_xlpm.numPart, ",",""), IF(_xlpm.cleanNum="", "", VALUE(_xlpm.cleanNum)) )} -> 25680 | K685: {=_xlfn.LET( _xlpm.txt, E685, _xlpm.afterQ, IFERROR(_xlfn.TEXTAFTER(_xlpm.txt,"QTY:"), IFERROR(_xlfn.TEXTAFTER(_xlpm.txt,"QTY "), IFERROR(_xlfn.TEXTAFTER(_xlpm.txt,"(QTY"), ""))), _xlpm.token, TRIM(IF(_xlpm.afterQ="","", _xlfn.TEXTBEFORE(_xlpm.afterQ, "/"))), _xlpm.unitRaw, UPPER(TRIM(RIGHT(_xlpm.token, LEN(_xlpm.token) - FIND("@", SUBSTITUTE(_xlpm.token," ","@", LEN(_xlpm.token)-LEN(SUBSTITUTE(_xlpm.token," ",""))))))), _xlpm.unitRaw )} -> NOS | L685: =IFERROR(_xlfn.TEXTAFTER(_xlfn.TEXTBEFORE(E685," PER"),"USD ")," ") -> 1.90 | M685: =IF(OR(K685="PCS",K685="PC",K685="NOS"),"PCS", IF(OR(K685="SET",K685="SETS"),"SET", IF(K685="PKT","PACK","OTHER"))) -> PCS | N685: 8945.2 | O685: KGS | P685: 458.00337 | Q685: 4096931.7 | R685: 5.4982397 | S685: 49182.854 | T685: 1501115.7 | U685: =P685+R685 -> 463.50161 | V685: =YEAR(B685) -> 2023 | W685: =IFERROR(VLOOKUP(VALUE(D685),'HSN Lookup'!$A:$B,2,0),"Unknown") -> Household Steel Items | X685: =IF(ISNUMBER(SEARCH("SCRUBBER",G685)),"Scrubber", IF(ISNUMBER(SEARCH("STRAINER",G685)),"Tea Strainer", IF(ISNUMBER(SEARCH("BASKET",G685)),"Basket", IF(ISNUMBER(SEARCH("HANGER",G685)),"Hanger", IF(ISNUMBER(SEARCH("STAND",G685)),"Cloth Stand", IF(ISNUMBER(SEARCH("SPRINKLER",G685)),"Sprinkler", IF(ISNUMBER(SEARCH("HOLDER",G685)),"Holder", IF(ISNUMBER(SEARCH("LUNCH BOX",G685)),"Lunch Box", "Other")))))))) -> Lunch Box
A686: INNSA1 | B686: 2023-05-20 | C686: 0301049751 | D686: 73239990 | E686: STEEL RECTANGLE CONTAINER BIG (6578) (QTY:38400 NOS /USD1.66 PER NOS) | G686: {=_xlfn.LET( _xlpm.txt, TRIM(E686), _xlpm.posQTY, IFERROR(FIND("(QTY", _xlpm.txt, 1), 0), _xlpm.firstSpace, FIND(" ", _xlpm.txt & " "), _xlpm.afterFirst, TRIM(MID(_xlpm.txt, _xlpm.firstSpace+1, 9999)), _xlpm.namePart, IF(_xlpm.posQTY>0, _xlfn.TEXTBEFORE(_xlpm.afterFirst, "(QTY"), IFERROR(_xlfn.TEXTBEFORE(_xlpm.afterFirst, "("), _xlpm.afterFirst)), TRIM(_xlpm.namePart) )} -> RECTANGLE CONTAINER BIG (6578) | H686: =IFERROR( IF( AND(ISNUMBER(FIND("(",E686)), NOT(ISNUMBER(SEARCH("QTY", _xlfn.TEXTBEFORE(_xlfn.TEXTAFTER(E686,"("), ")")))) ), _xlfn.TEXTBEFORE(_xlfn.TEXTAFTER(E686,"("), ")"), LEFT(E686, FIND(" ", E686 & " ") - 1) ), "") -> 6578 | I686: {=_xlfn.LET( _xlpm.txt, E686, _xlpm.afterQty, IFERROR(_xlfn.TEXTAFTER(_xlpm.txt, "QTY:"), ""), _xlpm.numberText, TRIM(_xlfn.TEXTBEFORE(_xlpm.afterQty, " ")), _xlpm.cleanNum, SUBSTITUTE(_xlpm.numberText, ",", ""), IF(ISNUMBER(--_xlpm.cleanNum), --_xlpm.cleanNum, "") )} -> 38400 | J686: {=_xlfn.LET( _xlpm.txt, E686, _xlpm.afterQ, IFERROR(_xlfn.TEXTAFTER(_xlpm.txt,"QTY:"), IFERROR(_xlfn.TEXTAFTER(_xlpm.txt,"QTY "), IFERROR(_xlfn.TEXTAFTER(_xlpm.txt,"(QTY"), ""))), _xlpm.token, TRIM(IF(_xlpm.afterQ="","", _xlfn.TEXTBEFORE(_xlpm.afterQ, "/"))), _xlpm.numPart, IFERROR(LEFT(_xlpm.token, FIND(" ", _xlpm.token)-1), _xlpm.token), _xlpm.cleanNum, SUBSTITUTE(_xlpm.numPart, ",",""), IF(_xlpm.cleanNum="", "", VALUE(_xlpm.cleanNum)) )} -> 38400 | K686: {=_xlfn.LET( _xlpm.txt, E686, _xlpm.afterQ, IFERROR(_xlfn.TEXTAFTER(_xlpm.txt,"QTY:"), IFERROR(_xlfn.TEXTAFTER(_xlpm.txt,"QTY "), IFERROR(_xlfn.TEXTAFTER(_xlpm.txt,"(QTY"), ""))), _xlpm.token, TRIM(IF(_xlpm.afterQ="","", _xlfn.TEXTBEFORE(_xlpm.afterQ, "/"))), _xlpm.unitRaw, UPPER(TRIM(RIGHT(_xlpm.token, LEN(_xlpm.token) - FIND("@", SUBSTITUTE(_xlpm.token," ","@", LEN(_xlpm.token)-LEN(SUBSTITUTE(_xlpm.token," ",""))))))), _xlpm.unitRaw )} -> NOS | L686: =IFERROR(_xlfn.TEXTAFTER(_xlfn.TEXTBEFORE(E686," PER"),"USD ")," ") | M686: =IF(OR(K686="PCS",K686="PC",K686="NOS"),"PCS", IF(OR(K686="SET",K686="SETS"),"SET", IF(K686="PKT","PACK","OTHER"))) -> PCS | N686: 11344 | O686: KGS | P686: 471.82741 | Q686: 5352410.1 | R686: 5.6641946 | S686: 64254.623 | T686: 1961123 | U686: =P686+R686 -> 477.4916 | V686: =YEAR(B686) -> 2023 | W686: =IFERROR(VLOOKUP(VALUE(D686),'HSN Lookup'!$A:$B,2,0),"Unknown") -> Household Steel Items | X686: =IF(ISNUMBER(SEARCH("SCRUBBER",G686)),"Scrubber", IF(ISNUMBER(SEARCH("STRAINER",G686)),"Tea Strainer", IF(ISNUMBER(SEARCH("BASKET",G686)),"Basket", IF(ISNUMBER(SEARCH("HANGER",G686)),"Hanger", IF(ISNUMBER(SEARCH("STAND",G686)),"Cloth Stand", IF(ISNUMBER(SEARCH("SPRINKLER",G686)),"Sprinkler", IF(ISNUMBER(SEARCH("HOLDER",G686)),"Holder", IF(ISNUMBER(SEARCH("LUNCH BOX",G686)),"Lunch Box", "Other")))))))) -> Other
A687: INNSA1 | B687: 2023-05-20 | C687: 0301049751 | D687: 73239990 | E687: STEEL LUNCH BOX (6561) (QTY:21312 NOS /USD 2.50 PER NOS) | G687: {=_xlfn.LET( _xlpm.txt, TRIM(E687), _xlpm.posQTY, IFERROR(FIND("(QTY", _xlpm.txt, 1), 0), _xlpm.firstSpace, FIND(" ", _xlpm.txt & " "), _xlpm.afterFirst, TRIM(MID(_xlpm.txt, _xlpm.firstSpace+1, 9999)), _xlpm.namePart, IF(_xlpm.posQTY>0, _xlfn.TEXTBEFORE(_xlpm.afterFirst, "(QTY"), IFERROR(_xlfn.TEXTBEFORE(_xlpm.afterFirst, "("), _xlpm.afterFirst)), TRIM(_xlpm.namePart) )} -> LUNCH BOX (6561) | H687: =IFERROR( IF( AND(ISNUMBER(FIND("(",E687)), NOT(ISNUMBER(SEARCH("QTY", _xlfn.TEXTBEFORE(_xlfn.TEXTAFTER(E687,"("), ")")))) ), _xlfn.TEXTBEFORE(_xlfn.TEXTAFTER(E687,"("), ")"), LEFT(E687, FIND(" ", E687 & " ") - 1) ), "") -> 6561 | I687: {=_xlfn.LET( _xlpm.txt, E687, _xlpm.afterQty, IFERROR(_xlfn.TEXTAFTER(_xlpm.txt, "QTY:"), ""), _xlpm.numberText, TRIM(_xlfn.TEXTBEFORE(_xlpm.afterQty, " ")), _xlpm.cleanNum, SUBSTITUTE(_xlpm.numberText, ",", ""), IF(ISNUMBER(--_xlpm.cleanNum), --_xlpm.cleanNum, "") )} -> 21312 | J687: {=_xlfn.LET( _xlpm.txt, E687, _xlpm.afterQ, IFERROR(_xlfn.TEXTAFTER(_xlpm.txt,"QTY:"), IFERROR(_xlfn.TEXTAFTER(_xlpm.txt,"QTY "), IFERROR(_xlfn.TEXTAFTER(_xlpm.txt,"(QTY"), ""))), _xlpm.token, TRIM(IF(_xlpm.afterQ="","", _xlfn.TEXTBEFORE(_xlpm.afterQ, "/"))), _xlpm.numPart, IFERROR(LEFT(_xlpm.token, FIND(" ", _xlpm.token)-1), _xlpm.token), _xlpm.cleanNum, SUBSTITUTE(_xlpm.numPart, ",",""), IF(_xlpm.cleanNum="", "", VALUE(_xlpm.cleanNum)) )} -> 21312 | K687: {=_xlfn.LET( _xlpm.txt, E687, _xlpm.afterQ, IFERROR(_xlfn.TEXTAFTER(_xlpm.txt,"QTY:"), IFERROR(_xlfn.TEXTAFTER(_xlpm.txt,"QTY "), IFERROR(_xlfn.TEXTAFTER(_xlpm.txt,"(QTY"), ""))), _xlpm.token, TRIM(IF(_xlpm.afterQ="","", _xlfn.TEXTBEFORE(_xlpm.afterQ, "/"))), _xlpm.unitRaw, UPPER(TRIM(RIGHT(_xlpm.token, LEN(_xlpm.token) - FIND("@", SUBSTITUTE(_xlpm.token," ","@", LEN(_xlpm.token)-LEN(SUBSTITUTE(_xlpm.token," ",""))))))), _xlpm.unitRaw )} -> NOS | L687: =IFERROR(_xlfn.TEXTAFTER(_xlfn.TEXTBEFORE(E687," PER"),"USD ")," ") -> 2.50 | M687: =IF(OR(K687="PCS",K687="PC",K687="NOS"),"PCS", IF(OR(K687="SET",K687="SETS"),"SET", IF(K687="PKT","PACK","OTHER"))) -> PCS | N687: 8122.24 | O687: KGS | P687: 550.80578 | Q687: 4473776.8 | R687: 6.6123143 | S687: 53706.804 | T687: 1639191.8 | U687: =P687+R687 -> 557.4181 | V687: =YEAR(B687) -> 2023 | W687: =IFERROR(VLOOKUP(VALUE(D687),'HSN Lookup'!$A:$B,2,0),"Unknown") -> Household Steel Items | X687: =IF(ISNUMBER(SEARCH("SCRUBBER",G687)),"Scrubber", IF(ISNUMBER(SEARCH("STRAINER",G687)),"Tea Strainer", IF(ISNUMBER(SEARCH("BASKET",G687)),"Basket", IF(ISNUMBER(SEARCH("HANGER",G687)),"Hanger", IF(ISNUMBER(SEARCH("STAND",G687)),"Cloth Stand", IF(ISNUMBER(SEARCH("SPRINKLER",G687)),"Sprinkler", IF(ISNUMBER(SEARCH("HOLDER",G687)),"Holder", IF(ISNUMBER(SEARCH("LUNCH BOX",G687)),"Lunch Box", "Other")))))))) -> Lunch Box
A688: INNSA1 | B688: 2023-05-20 | C688: 0301049751 | D688: 73239990 | E688: STEEL RECTANGLE CONTAINER (6901) (QTY:55200 NOS /USD 0.94PER NOS) | G688: {=_xlfn.LET( _xlpm.txt, TRIM(E688), _xlpm.posQTY, IFERROR(FIND("(QTY", _xlpm.txt, 1), 0), _xlpm.firstSpace, FIND(" ", _xlpm.txt & " "), _xlpm.afterFirst, TRIM(MID(_xlpm.txt, _xlpm.firstSpace+1, 9999)), _xlpm.namePart, IF(_xlpm.posQTY>0, _xlfn.TEXTBEFORE(_xlpm.afterFirst, "(QTY"), IFERROR(_xlfn.TEXTBEFORE(_xlpm.afterFirst, "("), _xlpm.afterFirst)), TRIM(_xlpm.namePart) )} -> RECTANGLE CONTAINER (6901) | H688: =IFERROR( IF( AND(ISNUMBER(FIND("(",E688)), NOT(ISNUMBER(SEARCH("QTY", _xlfn.TEXTBEFORE(_xlfn.TEXTAFTER(E688,"("), ")")))) ), _xlfn.TEXTBEFORE(_xlfn.TEXTAFTER(E688,"("), ")"), LEFT(E688, FIND(" ", E688 & " ") - 1) ), "") -> 6901 | I688: {=_xlfn.LET( _xlpm.txt, E688, _xlpm.afterQty, IFERROR(_xlfn.TEXTAFTER(_xlpm.txt, "QTY:"), ""), _xlpm.numberText, TRIM(_xlfn.TEXTBEFORE(_xlpm.afterQty, " ")), _xlpm.cleanNum, SUBSTITUTE(_xlpm.numberText, ",", ""), IF(ISNUMBER(--_xlpm.cleanNum), --_xlpm.cleanNum, "") )} -> 55200 | J688: {=_xlfn.LET( _xlpm.txt, E688, _xlpm.afterQ, IFERROR(_xlfn.TEXTAFTER(_xlpm.txt,"QTY:"), IFERROR(_xlfn.TEXTAFTER(_xlpm.txt,"QTY "), IFERROR(_xlfn.TEXTAFTER(_xlpm.txt,"(QTY"), ""))), _xlpm.token, TRIM(IF(_xlpm.afterQ="","", _xlfn.TEXTBEFORE(_xlpm.afterQ, "/"))), _xlpm.numPart, IFERROR(LEFT(_xlpm.token, FIND(" ", _xlpm.token)-1), _xlpm.token), _xlpm.cleanNum, SUBSTITUTE(_xlpm.numPart, ",",""), IF(_xlpm.cleanNum="", "", VALUE(_xlpm.cleanNum)) )} -> 55200 | K688: {=_xlfn.LET( _xlpm.txt, E688, _xlpm.afterQ, IFERROR(_xlfn.TEXTAFTER(_xlpm.txt,"QTY:"), IFERROR(_xlfn.TEXTAFTER(_xlpm.txt,"QTY "), IFERROR(_xlfn.TEXTAFTER(_xlpm.txt,"(QTY"), ""))), _xlpm.token, TRIM(IF(_xlpm.afterQ="","", _xlfn.TEXTBEFORE(_xlpm.afterQ, "/"))), _xlpm.unitRaw, UPPER(TRIM(RIGHT(_xlpm.token, LEN(_xlpm.token) - FIND("@", SUBSTITUTE(_xlpm.token," ","@", LEN(_xlpm.token)-LEN(SUBSTITUTE(_xlpm.token," ",""))))))), _xlpm.unitRaw )} -> NOS | L688: =IFERROR(_xlfn.TEXTAFTER(_xlfn.TEXTBEFORE(E688," PER"),"USD ")," ") | M688: =IF(OR(K688="PCS",K688="PC",K688="NOS"),"PCS", IF(OR(K688="SET",K688="SETS"),"SET", IF(K688="PKT","PACK","OTHER"))) -> PCS | N688: 8970 | O688: KGS | P688: 485.71845 | Q688: 4356894.5 | R688: 5.8309538 | S688: 52303.656 | T688: 1596366.2 | U688: =P688+R688 -> 491.54941 | V688: =YEAR(B688) -> 2023 | W688: =IFERROR(VLOOKUP(VALUE(D688),'HSN Lookup'!$A:$B,2,0),"Unknown") -> Household Steel Items | X688: =IF(ISNUMBER(SEARCH("SCRUBBER",G688)),"Scrubber", IF(ISNUMBER(SEARCH("STRAINER",G688)),"Tea Strainer", IF(ISNUMBER(SEARCH("BASKET",G688)),"Basket", IF(ISNUMBER(SEARCH("HANGER",G688)),"Hanger", IF(ISNUMBER(SEARCH("STAND",G688)),"Cloth Stand", IF(ISNUMBER(SEARCH("SPRINKLER",G688)),"Sprinkler", IF(ISNUMBER(SEARCH("HOLDER",G688)),"Holder", IF(ISNUMBER(SEARCH("LUNCH BOX",G688)),"Lunch Box", "Other")))))))) -> Other
A689: INNSA1 | B689: 2023-05-20 | C689: 0301049751 | D689: 73239990 | E689: STEEL RECTANGLE CONTAINER LARGE (6862) (QTY:47040 NOS /USD 1.50 PER NOS) | G689: {=_xlfn.LET( _xlpm.txt, TRIM(E689), _xlpm.posQTY, IFERROR(FIND("(QTY", _xlpm.txt, 1), 0), _xlpm.firstSpace, FIND(" ", _xlpm.txt & " "), _xlpm.afterFirst, TRIM(MID(_xlpm.txt, _xlpm.firstSpace+1, 9999)), _xlpm.namePart, IF(_xlpm.posQTY>0, _xlfn.TEXTBEFORE(_xlpm.afterFirst, "(QTY"), IFERROR(_xlfn.TEXTBEFORE(_xlpm.afterFirst, "("), _xlpm.afterFirst)), TRIM(_xlpm.namePart) )} -> RECTANGLE CONTAINER LARGE (6862) | H689: =IFERROR( IF( AND(ISNUMBER(FIND("(",E689)), NOT(ISNUMBER(SEARCH("QTY", _xlfn.TEXTBEFORE(_xlfn.TEXTAFTER(E689,"("), ")")))) ), _xlfn.TEXTBEFORE(_xlfn.TEXTAFTER(E689,"("), ")"), LEFT(E689, FIND(" ", E689 & " ") - 1) ), "") -> 6862 | I689: {=_xlfn.LET( _xlpm.txt, E689, _xlpm.afterQty, IFERROR(_xlfn.TEXTAFTER(_xlpm.txt, "QTY:"), ""), _xlpm.numberText, TRIM(_xlfn.TEXTBEFORE(_xlpm.afterQty, " ")), _xlpm.cleanNum, SUBSTITUTE(_xlpm.numberText, ",", ""), IF(ISNUMBER(--_xlpm.cleanNum), --_xlpm.cleanNum, "") )} -> 47040 | J689: {=_xlfn.LET( _xlpm.txt, E689, _xlpm.afterQ, IFERROR(_xlfn.TEXTAFTER(_xlpm.txt,"QTY:"), IFERROR(_xlfn.TEXTAFTER(_xlpm.txt,"QTY "), IFERROR(_xlfn.TEXTAFTER(_xlpm.txt,"(QTY"), ""))), _xlpm.token, TRIM(IF(_xlpm.afterQ="","", _xlfn.TEXTBEFORE(_xlpm.afterQ, "/"))), _xlpm.numPart, IFERROR(LEFT(_xlpm.token, FIND(" ", _xlpm.token)-1), _xlpm.token), _xlpm.cleanNum, SUBSTITUTE(_xlpm.numPart, ",",""), IF(_xlpm.cleanNum="", "", VALUE(_xlpm.cleanNum)) )} -> 47040 | K689: {=_xlfn.LET( _xlpm.txt, E689, _xlpm.afterQ, IFERROR(_xlfn.TEXTAFTER(_xlpm.txt,"QTY:"), IFERROR(_xlfn.TEXTAFTER(_xlpm.txt,"QTY "), IFERROR(_xlfn.TEXTAFTER(_xlpm.txt,"(QTY"), ""))), _xlpm.token, TRIM(IF(_xlpm.afterQ="","", _xlfn.TEXTBEFORE(_xlpm.afterQ, "/"))), _xlpm.unitRaw, UPPER(TRIM(RIGHT(_xlpm.token, LEN(_xlpm.token) - FIND("@", SUBSTITUTE(_xlpm.token," ","@", LEN(_xlpm.token)-LEN(SUBSTITUTE(_xlpm.token," ",""))))))), _xlpm.unitRaw )} -> NOS | L689: =IFERROR(_xlfn.TEXTAFTER(_xlfn.TEXTBEFORE(E689," PER"),"USD ")," ") -> 1.50 | M689: =IF(OR(K689="PCS",K689="PC",K689="NOS"),"PCS", IF(OR(K689="SET",K689="SETS"),"SET", IF(K689="PKT","PACK","OTHER"))) -> PCS | N689: 11760 | O689: KGS | P689: 503.80375 | Q689: 5924732.1 | R689: 6.0480642 | S689: 71125.235 | T689: 2170821.8 | U689: =P689+R689 -> 509.85181 | V689: =YEAR(B689) -> 2023 | W689: =IFERROR(VLOOKUP(VALUE(D689),'HSN Lookup'!$A:$B,2,0),"Unknown") -> Household Steel Items | X689: =IF(ISNUMBER(SEARCH("SCRUBBER",G689)),"Scrubber", IF(ISNUMBER(SEARCH("STRAINER",G689)),"Tea Strainer", IF(ISNUMBER(SEARCH("BASKET",G689)),"Basket", IF(ISNUMBER(SEARCH("HANGER",G689)),"Hanger", IF(ISNUMBER(SEARCH("STAND",G689)),"Cloth Stand", IF(ISNUMBER(SEARCH("SPRINKLER",G689)),"Sprinkler", IF(ISNUMBER(SEARCH("HOLDER",G689)),"Holder", IF(ISNUMBER(SEARCH("LUNCH BOX",G689)),"Lunch Box", "Other")))))))) -> Other
A690: INNSA1 | B690: 2023-05-19 | C690: 0301049751 | D690: 73239990 | E690: STAINLESS STEEL SPORTS BOTTLE 500ML S116-500 (AM-314) (QTY:720 PCS /USD 0.985 PER PCS) | G690: {=_xlfn.LET( _xlpm.txt, TRIM(E690), _xlpm.posQTY, IFERROR(FIND("(QTY", _xlpm.txt, 1), 0), _xlpm.firstSpace, FIND(" ", _xlpm.txt & " "), _xlpm.afterFirst, TRIM(MID(_xlpm.txt, _xlpm.firstSpace+1, 9999)), _xlpm.namePart, IF(_xlpm.posQTY>0, _xlfn.TEXTBEFORE(_xlpm.afterFirst, "(QTY"), IFERROR(_xlfn.TEXTBEFORE(_xlpm.afterFirst, "("), _xlpm.afterFirst)), TRIM(_xlpm.namePart) )} -> STEEL SPORTS BOTTLE 500ML S116-500 (AM-314) | H690: =IFERROR( IF( AND(ISNUMBER(FIND("(",E690)), NOT(ISNUMBER(SEARCH("QTY", _xlfn.TEXTBEFORE(_xlfn.TEXTAFTER(E690,"("), ")")))) ), _xlfn.TEXTBEFORE(_xlfn.TEXTAFTER(E690,"("), ")"), LEFT(E690, FIND(" ", E690 & " ") - 1) ), "") -> AM-314 | I690: {=_xlfn.LET( _xlpm.txt, E690, _xlpm.afterQty, IFERROR(_xlfn.TEXTAFTER(_xlpm.txt, "QTY:"), ""), _xlpm.numberText, TRIM(_xlfn.TEXTBEFORE(_xlpm.afterQty, " ")), _xlpm.cleanNum, SUBSTITUTE(_xlpm.numberText, ",", ""), IF(ISNUMBER(--_xlpm.cleanNum), --_xlpm.cleanNum, "") )} -> 720 | J690: {=_xlfn.LET( _xlpm.txt, E690, _xlpm.afterQ, IFERROR(_xlfn.TEXTAFTER(_xlpm.txt,"QTY:"), IFERROR(_xlfn.TEXTAFTER(_xlpm.txt,"QTY "), IFERROR(_xlfn.TEXTAFTER(_xlpm.txt,"(QTY"), ""))), _xlpm.token, TRIM(IF(_xlpm.afterQ="","", _xlfn.TEXTBEFORE(_xlpm.afterQ, "/"))), _xlpm.numPart, IFERROR(LEFT(_xlpm.token, FIND(" ", _xlpm.token)-1), _xlpm.token), _xlpm.cleanNum, SUBSTITUTE(_xlpm.numPart, ",",""), IF(_xlpm.cleanNum="", "", VALUE(_xlpm.cleanNum)) )} -> 720 | K690: {=_xlfn.LET( _xlpm.txt, E690, _xlpm.afterQ, IFERROR(_xlfn.TEXTAFTER(_xlpm.txt,"QTY:"), IFERROR(_xlfn.TEXTAFTER(_xlpm.txt,"QTY "), IFERROR(_xlfn.TEXTAFTER(_xlpm.txt,"(QTY"), ""))), _xlpm.token, TRIM(IF(_xlpm.afterQ="","", _xlfn.TEXTBEFORE(_xlpm.afterQ, "/"))), _xlpm.unitRaw, UPPER(TRIM(RIGHT(_xlpm.token, LEN(_xlpm.token) - FIND("@", SUBSTITUTE(_xlpm.token," ","@", LEN(_xlpm.token)-LEN(SUBSTITUTE(_xlpm.token," ",""))))))), _xlpm.unitRaw )} -> PCS | L690: =IFERROR(_xlfn.TEXTAFTER(_xlfn.TEXTBEFORE(E690," PER"),"USD ")," ") -> 0.985 | M690: =IF(OR(K690="PCS",K690="PC",K690="NOS"),"PCS", IF(OR(K690="SET",K690="SETS"),"SET", IF(K690="PKT","PACK","OTHER"))) -> PCS | N690: 86 | O690: KGS | P690: 708.30779 | Q690: 60914.47 | R690: 8.5030947 | S690: 731.26615 | T690: 22319.1 | U690: =P690+R690 -> 716.81089 | V690: =YEAR(B690) -> 2023 | W690: =IFERROR(VLOOKUP(VALUE(D690),'HSN Lookup'!$A:$B,2,0),"Unknown") -> Household Steel Items | X690: =IF(ISNUMBER(SEARCH("SCRUBBER",G690)),"Scrubber", IF(ISNUMBER(SEARCH("STRAINER",G690)),"Tea Strainer", IF(ISNUMBER(SEARCH("BASKET",G690)),"Basket", IF(ISNUMBER(SEARCH("HANGER",G690)),"Hanger", IF(ISNUMBER(SEARCH("STAND",G690)),"Cloth Stand", IF(ISNUMBER(SEARCH("SPRINKLER",G690)),"Sprinkler", IF(ISNUMBER(SEARCH("HOLDER",G690)),"Holder", IF(ISNUMBER(SEARCH("LUNCH BOX",G690)),"Lunch Box", "Other")))))))) -> Other
A691: INNSA1 | B691: 2023-05-19 | C691: 0301049751 | D691: 73239990 | E691: STAINLESS STEEL SPORTS BOTTLE 800ML (AM-394) (QTY: 600 PCS /USD 1.285 PER PCS) | G691: {=_xlfn.LET( _xlpm.txt, TRIM(E691), _xlpm.posQTY, IFERROR(FIND("(QTY", _xlpm.txt, 1), 0), _xlpm.firstSpace, FIND(" ", _xlpm.txt & " "), _xlpm.afterFirst, TRIM(MID(_xlpm.txt, _xlpm.firstSpace+1, 9999)), _xlpm.namePart, IF(_xlpm.posQTY>0, _xlfn.TEXTBEFORE(_xlpm.afterFirst, "(QTY"), IFERROR(_xlfn.TEXTBEFORE(_xlpm.afterFirst, "("), _xlpm.afterFirst)), TRIM(_xlpm.namePart) )} -> STEEL SPORTS BOTTLE 800ML (AM-394) | H691: =IFERROR( IF( AND(ISNUMBER(FIND("(",E691)), NOT(ISNUMBER(SEARCH("QTY", _xlfn.TEXTBEFORE(_xlfn.TEXTAFTER(E691,"("), ")")))) ), _xlfn.TEXTBEFORE(_xlfn.TEXTAFTER(E691,"("), ")"), LEFT(E691, FIND(" ", E691 & " ") - 1) ), "") -> AM-394 | I691: {=_xlfn.LET( _xlpm.txt, E691, _xlpm.afterQty, IFERROR(_xlfn.TEXTAFTER(_xlpm.txt, "QTY:"), ""), _xlpm.numberText, TRIM(_xlfn.TEXTBEFORE(_xlpm.afterQty, " ")), _xlpm.cleanNum, SUBSTITUTE(_xlpm.numberText, ",", ""), IF(ISNUMBER(--_xlpm.cleanNum), --_xlpm.cleanNum, "") )} | J691: {=_xlfn.LET( _xlpm.txt, E691, _xlpm.afterQ, IFERROR(_xlfn.TEXTAFTER(_xlpm.txt,"QTY:"), IFERROR(_xlfn.TEXTAFTER(_xlpm.txt,"QTY "), IFERROR(_xlfn.TEXTAFTER(_xlpm.txt,"(QTY"), ""))), _xlpm.token, TRIM(IF(_xlpm.afterQ="","", _xlfn.TEXTBEFORE(_xlpm.afterQ, "/"))), _xlpm.numPart, IFERROR(LEFT(_xlpm.token, FIND(" ", _xlpm.token)-1), _xlpm.token), _xlpm.cleanNum, SUBSTITUTE(_xlpm.numPart, ",",""), IF(_xlpm.cleanNum="", "", VALUE(_xlpm.cleanNum)) )} -> 600 | K691: {=_xlfn.LET( _xlpm.txt, E691, _xlpm.afterQ, IFERROR(_xlfn.TEXTAFTER(_xlpm.txt,"QTY:"), IFERROR(_xlfn.TEXTAFTER(_xlpm.txt,"QTY "), IFERROR(_xlfn.TEXTAFTER(_xlpm.txt,"(QTY"), ""))), _xlpm.token, TRIM(IF(_xlpm.afterQ="","", _xlfn.TEXTBEFORE(_xlpm.afterQ, "/"))), _xlpm.unitRaw, UPPER(TRIM(RIGHT(_xlpm.token, LEN(_xlpm.token) - FIND("@", SUBSTITUTE(_xlpm.token," ","@", LEN(_xlpm.token)-LEN(SUBSTITUTE(_xlpm.token," ",""))))))), _xlpm.unitRaw )} -> PCS | L691: =IFERROR(_xlfn.TEXTAFTER(_xlfn.TEXTBEFORE(E691," PER"),"USD ")," ") -> 1.285 | M691: =IF(OR(K691="PCS",K691="PC",K691="NOS"),"PCS", IF(OR(K691="SET",K691="SETS"),"SET", IF(K691="PKT","PACK","OTHER"))) -> PCS | N691: 126 | O691: KGS | P691: 525.57603 | Q691: 66222.58 | R691: 6.3094362 | S691: 794.98896 | T691: 24264 | U691: =P691+R691 -> 531.88547 | V691: =YEAR(B691) -> 2023 | W691: =IFERROR(VLOOKUP(VALUE(D691),'HSN Lookup'!$A:$B,2,0),"Unknown") -> Household Steel Items | X691: =IF(ISNUMBER(SEARCH("SCRUBBER",G691)),"Scrubber", IF(ISNUMBER(SEARCH("STRAINER",G691)),"Tea Strainer", IF(ISNUMBER(SEARCH("BASKET",G691)),"Basket", IF(ISNUMBER(SEARCH("HANGER",G691)),"Hanger", IF(ISNUMBER(SEARCH("STAND",G691)),"Cloth Stand", IF(ISNUMBER(SEARCH("SPRINKLER",G691)),"Sprinkler", IF(ISNUMBER(SEARCH("HOLDER",G691)),"Holder", IF(ISNUMBER(SEARCH("LUNCH BOX",G691)),"Lunch Box", "Other")))))))) -> Other
A692: INNSA1 | B692: 2023-05-19 | C692: 0301049751 | D692: 73239990 | E692: STAINLESS STEEL SPORTS BOTTLE 650ML S115 (NP-21) (QTY:7956 PCS /USD 1.040 PER PCS) | G692: {=_xlfn.LET( _xlpm.txt, TRIM(E692), _xlpm.posQTY, IFERROR(FIND("(QTY", _xlpm.txt, 1), 0), _xlpm.firstSpace, FIND(" ", _xlpm.txt & " "), _xlpm.afterFirst, TRIM(MID(_xlpm.txt, _xlpm.firstSpace+1, 9999)), _xlpm.namePart, IF(_xlpm.posQTY>0, _xlfn.TEXTBEFORE(_xlpm.afterFirst, "(QTY"), IFERROR(_xlfn.TEXTBEFORE(_xlpm.afterFirst, "("), _xlpm.afterFirst)), TRIM(_xlpm.namePart) )} -> STEEL SPORTS BOTTLE 650ML S115 (NP-21) | H692: =IFERROR( IF( AND(ISNUMBER(FIND("(",E692)), NOT(ISNUMBER(SEARCH("QTY", _xlfn.TEXTBEFORE(_xlfn.TEXTAFTER(E692,"("), ")")))) ), _xlfn.TEXTBEFORE(_xlfn.TEXTAFTER(E692,"("), ")"), LEFT(E692, FIND(" ", E692 & " ") - 1) ), "") -> NP-21 | I692: {=_xlfn.LET( _xlpm.txt, E692, _xlpm.afterQty, IFERROR(_xlfn.TEXTAFTER(_xlpm.txt, "QTY:"), ""), _xlpm.numberText, TRIM(_xlfn.TEXTBEFORE(_xlpm.afterQty, " ")), _xlpm.cleanNum, SUBSTITUTE(_xlpm.numberText, ",", ""), IF(ISNUMBER(--_xlpm.cleanNum), --_xlpm.cleanNum, "") )} -> 7956 | J692: {=_xlfn.LET( _xlpm.txt, E692, _xlpm.afterQ, IFERROR(_xlfn.TEXTAFTER(_xlpm.txt,"QTY:"), IFERROR(_xlfn.TEXTAFTER(_xlpm.txt,"QTY "), IFERROR(_xlfn.TEXTAFTER(_xlpm.txt,"(QTY"), ""))), _xlpm.token, TRIM(IF(_xlpm.afterQ="","", _xlfn.TEXTBEFORE(_xlpm.afterQ, "/"))), _xlpm.numPart, IFERROR(LEFT(_xlpm.token, FIND(" ", _xlpm.token)-1), _xlpm.token), _xlpm.cleanNum, SUBSTITUTE(_xlpm.numPart, ",",""), IF(_xlpm.cleanNum="", "", VALUE(_xlpm.cleanNum)) )} -> 7956 | K692: {=_xlfn.LET( _xlpm.txt, E692, _xlpm.afterQ, IFERROR(_xlfn.TEXTAFTER(_xlpm.txt,"QTY:"), IFERROR(_xlfn.TEXTAFTER(_xlpm.txt,"QTY "), IFERROR(_xlfn.TEXTAFTER(_xlpm.txt,"(QTY"), ""))), _xlpm.token, TRIM(IF(_xlpm.afterQ="","", _xlfn.TEXTBEFORE(_xlpm.afterQ, "/"))), _xlpm.unitRaw, UPPER(TRIM(RIGHT(_xlpm.token, LEN(_xlpm.token) - FIND("@", SUBSTITUTE(_xlpm.token," ","@", LEN(_xlpm.token)-LEN(SUBSTITUTE(_xlpm.token," ",""))))))), _xlpm.unitRaw )} -> PCS | L692: =IFERROR(_xlfn.TEXTAFTER(_xlfn.TEXTBEFORE(E692," PER"),"USD ")," ") -> 1.040 | M692: =IF(OR(K692="PCS",K692="PC",K692="NOS"),"PCS", IF(OR(K692="SET",K692="SETS"),"SET", IF(K692="PKT","PACK","OTHER"))) -> PCS | N692: 1392.3 | O692: KGS | P692: 510.44276 | Q692: 710689.45 | R692: 6.1277642 | S692: 8531.6861 | T692: 260396.6 | U692: =P692+R692 -> 516.57052 | V692: =YEAR(B692) -> 2023 | W692: =IFERROR(VLOOKUP(VALUE(D692),'HSN Lookup'!$A:$B,2,0),"Unknown") -> Household Steel Items | X692: =IF(ISNUMBER(SEARCH("SCRUBBER",G692)),"Scrubber", IF(ISNUMBER(SEARCH("STRAINER",G692)),"Tea Strainer", IF(ISNUMBER(SEARCH("BASKET",G692)),"Basket", IF(ISNUMBER(SEARCH("HANGER",G692)),"Hanger", IF(ISNUMBER(SEARCH("STAND",G692)),"Cloth Stand", IF(ISNUMBER(SEARCH("SPRINKLER",G692)),"Sprinkler", IF(ISNUMBER(SEARCH("HOLDER",G692)),"Holder", IF(ISNUMBER(SEARCH("LUNCH BOX",G692)),"Lunch Box", "Other")))))))) -> Other
A693: INNSA1 | B693: 2023-05-19 | C693: 0301049751 | D693: 73239990 | E693: STAINLESS STEEL SPORTS BOTTLE 1.5L (AM-398) (QTY:360 PCS /USD 1.760 PER PCS) | G693: {=_xlfn.LET( _xlpm.txt, TRIM(E693), _xlpm.posQTY, IFERROR(FIND("(QTY", _xlpm.txt, 1), 0), _xlpm.firstSpace, FIND(" ", _xlpm.txt & " "), _xlpm.afterFirst, TRIM(MID(_xlpm.txt, _xlpm.firstSpace+1, 9999)), _xlpm.namePart, IF(_xlpm.posQTY>0, _xlfn.TEXTBEFORE(_xlpm.afterFirst, "(QTY"), IFERROR(_xlfn.TEXTBEFORE(_xlpm.afterFirst, "("), _xlpm.afterFirst)), TRIM(_xlpm.namePart) )} -> STEEL SPORTS BOTTLE 1.5L (AM-398) | H693: =IFERROR( IF( AND(ISNUMBER(FIND("(",E693)), NOT(ISNUMBER(SEARCH("QTY", _xlfn.TEXTBEFORE(_xlfn.TEXTAFTER(E693,"("), ")")))) ), _xlfn.TEXTBEFORE(_xlfn.TEXTAFTER(E693,"("), ")"), LEFT(E693, FIND(" ", E693 & " ") - 1) ), "") -> AM-398 | I693: {=_xlfn.LET( _xlpm.txt, E693, _xlpm.afterQty, IFERROR(_xlfn.TEXTAFTER(_xlpm.txt, "QTY:"), ""), _xlpm.numberText, TRIM(_xlfn.TEXTBEFORE(_xlpm.afterQty, " ")), _xlpm.cleanNum, SUBSTITUTE(_xlpm.numberText, ",", ""), IF(ISNUMBER(--_xlpm.cleanNum), --_xlpm.cleanNum, "") )} -> 360 | J693: {=_xlfn.LET( _xlpm.txt, E693, _xlpm.afterQ, IFERROR(_xlfn.TEXTAFTER(_xlpm.txt,"QTY:"), IFERROR(_xlfn.TEXTAFTER(_xlpm.txt,"QTY "), IFERROR(_xlfn.TEXTAFTER(_xlpm.txt,"(QTY"), ""))), _xlpm.token, TRIM(IF(_xlpm.afterQ="","", _xlfn.TEXTBEFORE(_xlpm.afterQ, "/"))), _xlpm.numPart, IFERROR(LEFT(_xlpm.token, FIND(" ", _xlpm.token)-1), _xlpm.token), _xlpm.cleanNum, SUBSTITUTE(_xlpm.numPart, ",",""), IF(_xlpm.cleanNum="", "", VALUE(_xlpm.cleanNum)) )} -> 360 | K693: {=_xlfn.LET( _xlpm.txt, E693, _xlpm.afterQ, IFERROR(_xlfn.TEXTAFTER(_xlpm.txt,"QTY:"), IFERROR(_xlfn.TEXTAFTER(_xlpm.txt,"QTY "), IFERROR(_xlfn.TEXTAFTER(_xlpm.txt,"(QTY"), ""))), _xlpm.token, TRIM(IF(_xlpm.afterQ="","", _xlfn.TEXTBEFORE(_xlpm.afterQ, "/"))), _xlpm.unitRaw, UPPER(TRIM(RIGHT(_xlpm.token, LEN(_xlpm.token) - FIND("@", SUBSTITUTE(_xlpm.token," ","@", LEN(_xlpm.token)-LEN(SUBSTITUTE(_xlpm.token," ",""))))))), _xlpm.unitRaw )} -> PCS | L693: =IFERROR(_xlfn.TEXTAFTER(_xlfn.TEXTBEFORE(E693," PER"),"USD ")," ") -> 1.760 | M693: =IF(OR(K693="PCS",K693="PC",K693="NOS"),"PCS", IF(OR(K693="SET",K693="SETS"),"SET", IF(K693="PKT","PACK","OTHER"))) -> PCS | N693: 98 | O693: KGS | P693: 555.31684 | Q693: 54421.05 | R693: 6.6664686 | S693: 653.31393 | T693: 19939.8 | U693: =P693+R693 -> 561.98331 | V693: =YEAR(B693) -> 2023 | W693: =IFERROR(VLOOKUP(VALUE(D693),'HSN Lookup'!$A:$B,2,0),"Unknown") -> Household Steel Items | X693: =IF(ISNUMBER(SEARCH("SCRUBBER",G693)),"Scrubber", IF(ISNUMBER(SEARCH("STRAINER",G693)),"Tea Strainer", IF(ISNUMBER(SEARCH("BASKET",G693)),"Basket", IF(ISNUMBER(SEARCH("HANGER",G693)),"Hanger", IF(ISNUMBER(SEARCH("STAND",G693)),"Cloth Stand", IF(ISNUMBER(SEARCH("SPRINKLER",G693)),"Sprinkler", IF(ISNUMBER(SEARCH("HOLDER",G693)),"Holder", IF(ISNUMBER(SEARCH("LUNCH BOX",G693)),"Lunch Box", "Other")))))))) -> Other
A694: INNSA1 | B694: 2023-05-19 | C694: 0301049751 | D694: 73239990 | E694: STAINLESS STEEL SPORTS BOTTLE 750ML (AM-392) (QTY:600 PCS /USD 1.260 PER PCS) | G694: {=_xlfn.LET( _xlpm.txt, TRIM(E694), _xlpm.posQTY, IFERROR(FIND("(QTY", _xlpm.txt, 1), 0), _xlpm.firstSpace, FIND(" ", _xlpm.txt & " "), _xlpm.afterFirst, TRIM(MID(_xlpm.txt, _xlpm.firstSpace+1, 9999)), _xlpm.namePart, IF(_xlpm.posQTY>0, _xlfn.TEXTBEFORE(_xlpm.afterFirst, "(QTY"), IFERROR(_xlfn.TEXTBEFORE(_xlpm.afterFirst, "("), _xlpm.afterFirst)), TRIM(_xlpm.namePart) )} -> STEEL SPORTS BOTTLE 750ML (AM-392) | H694: =IFERROR( IF( AND(ISNUMBER(FIND("(",E694)), NOT(ISNUMBER(SEARCH("QTY", _xlfn.TEXTBEFORE(_xlfn.TEXTAFTER(E694,"("), ")")))) ), _xlfn.TEXTBEFORE(_xlfn.TEXTAFTER(E694,"("), ")"), LEFT(E694, FIND(" ", E694 & " ") - 1) ), "") -> AM-392 | I694: {=_xlfn.LET( _xlpm.txt, E694, _xlpm.afterQty, IFERROR(_xlfn.TEXTAFTER(_xlpm.txt, "QTY:"), ""), _xlpm.numberText, TRIM(_xlfn.TEXTBEFORE(_xlpm.afterQty, " ")), _xlpm.cleanNum, SUBSTITUTE(_xlpm.numberText, ",", ""), IF(ISNUMBER(--_xlpm.cleanNum), --_xlpm.cleanNum, "") )} -> 600 | J694: {=_xlfn.LET( _xlpm.txt, E694, _xlpm.afterQ, IFERROR(_xlfn.TEXTAFTER(_xlpm.txt,"QTY:"), IFERROR(_xlfn.TEXTAFTER(_xlpm.txt,"QTY "), IFERROR(_xlfn.TEXTAFTER(_xlpm.txt,"(QTY"), ""))), _xlpm.token, TRIM(IF(_xlpm.afterQ="","", _xlfn.TEXTBEFORE(_xlpm.afterQ, "/"))), _xlpm.numPart, IFERROR(LEFT(_xlpm.token, FIND(" ", _xlpm.token)-1), _xlpm.token), _xlpm.cleanNum, SUBSTITUTE(_xlpm.numPart, ",",""), IF(_xlpm.cleanNum="", "", VALUE(_xlpm.cleanNum)) )} -> 600 | K694: {=_xlfn.LET( _xlpm.txt, E694, _xlpm.afterQ, IFERROR(_xlfn.TEXTAFTER(_xlpm.txt,"QTY:"), IFERROR(_xlfn.TEXTAFTER(_xlpm.txt,"QTY "), IFERROR(_xlfn.TEXTAFTER(_xlpm.txt,"(QTY"), ""))), _xlpm.token, TRIM(IF(_xlpm.afterQ="","", _xlfn.TEXTBEFORE(_xlpm.afterQ, "/"))), _xlpm.unitRaw, UPPER(TRIM(RIGHT(_xlpm.token, LEN(_xlpm.token) - FIND("@", SUBSTITUTE(_xlpm.token," ","@", LEN(_xlpm.token)-LEN(SUBSTITUTE(_xlpm.token," ",""))))))), _xlpm.unitRaw )} -> PCS | L694: =IFERROR(_xlfn.TEXTAFTER(_xlfn.TEXTBEFORE(E694," PER"),"USD ")," ") -> 1.260 | M694: =IF(OR(K694="PCS",K694="PC",K694="NOS"),"PCS", IF(OR(K694="SET",K694="SETS"),"SET", IF(K694="PKT","PACK","OTHER"))) -> PCS | N694: 126 | O694: KGS | P694: 515.35087 | Q694: 64934.21 | R694: 6.1866851 | S694: 779.52233 | T694: 23791.9 | U694: =P694+R694 -> 521.53756 | V694: =YEAR(B694) -> 2023 | W694: =IFERROR(VLOOKUP(VALUE(D694),'HSN Lookup'!$A:$B,2,0),"Unknown") -> Household Steel Items | X694: =IF(ISNUMBER(SEARCH("SCRUBBER",G694)),"Scrubber", IF(ISNUMBER(SEARCH("STRAINER",G694)),"Tea Strainer", IF(ISNUMBER(SEARCH("BASKET",G694)),"Basket", IF(ISNUMBER(SEARCH("HANGER",G694)),"Hanger", IF(ISNUMBER(SEARCH("STAND",G694)),"Cloth Stand", IF(ISNUMBER(SEARCH("SPRINKLER",G694)),"Sprinkler", IF(ISNUMBER(SEARCH("HOLDER",G694)),"Holder", IF(ISNUMBER(SEARCH("LUNCH BOX",G694)),"Lunch Box", "Other")))))))) -> Other
A695: INNSA1 | B695: 2023-05-19 | C695: 0301049751 | D695: 73239990 | E695: STAINLESS STEEL SPORTS BOTTLE 700ML S119-136 (AM-315) (QTY:720 PCS /USD 1.275 PER PCS) | G695: {=_xlfn.LET( _xlpm.txt, TRIM(E695), _xlpm.posQTY, IFERROR(FIND("(QTY", _xlpm.txt, 1), 0), _xlpm.firstSpace, FIND(" ", _xlpm.txt & " "), _xlpm.afterFirst, TRIM(MID(_xlpm.txt, _xlpm.firstSpace+1, 9999)), _xlpm.namePart, IF(_xlpm.posQTY>0, _xlfn.TEXTBEFORE(_xlpm.afterFirst, "(QTY"), IFERROR(_xlfn.TEXTBEFORE(_xlpm.afterFirst, "("), _xlpm.afterFirst)), TRIM(_xlpm.namePart) )} -> STEEL SPORTS BOTTLE 700ML S119-136 (AM-315) | H695: =IFERROR( IF( AND(ISNUMBER(FIND("(",E695)), NOT(ISNUMBER(SEARCH("QTY", _xlfn.TEXTBEFORE(_xlfn.TEXTAFTER(E695,"("), ")")))) ), _xlfn.TEXTBEFORE(_xlfn.TEXTAFTER(E695,"("), ")"), LEFT(E695, FIND(" ", E695 & " ") - 1) ), "") -> AM-315 | I695: {=_xlfn.LET( _xlpm.txt, E695, _xlpm.afterQty, IFERROR(_xlfn.TEXTAFTER(_xlpm.txt, "QTY:"), ""), _xlpm.numberText, TRIM(_xlfn.TEXTBEFORE(_xlpm.afterQty, " ")), _xlpm.cleanNum, SUBSTITUTE(_xlpm.numberText, ",", ""), IF(ISNUMBER(--_xlpm.cleanNum), --_xlpm.cleanNum, "") )} -> 720 | J695: {=_xlfn.LET( _xlpm.txt, E695, _xlpm.afterQ, IFERROR(_xlfn.TEXTAFTER(_xlpm.txt,"QTY:"), IFERROR(_xlfn.TEXTAFTER(_xlpm.txt,"QTY "), IFERROR(_xlfn.TEXTAFTER(_xlpm.txt,"(QTY"), ""))), _xlpm.token, TRIM(IF(_xlpm.afterQ="","", _xlfn.TEXTBEFORE(_xlpm.afterQ, "/"))), _xlpm.numPart, IFERROR(LEFT(_xlpm.token, FIND(" ", _xlpm.token)-1), _xlpm.token), _xlpm.cleanNum, SUBSTITUTE(_xlpm.numPart, ",",""), IF(_xlpm.cleanNum="", "", VALUE(_xlpm.cleanNum)) )} -> 720 | K695: {=_xlfn.LET( _xlpm.txt, E695, _xlpm.afterQ, IFERROR(_xlfn.TEXTAFTER(_xlpm.txt,"QTY:"), IFERROR(_xlfn.TEXTAFTER(_xlpm.txt,"QTY "), IFERROR(_xlfn.TEXTAFTER(_xlpm.txt,"(QTY"), ""))), _xlpm.token, TRIM(IF(_xlpm.afterQ="","", _xlfn.TEXTBEFORE(_xlpm.afterQ, "/"))), _xlpm.unitRaw, UPPER(TRIM(RIGHT(_xlpm.token, LEN(_xlpm.token) - FIND("@", SUBSTITUTE(_xlpm.token," ","@", LEN(_xlpm.token)-LEN(SUBSTITUTE(_xlpm.token," ",""))))))), _xlpm.unitRaw )} -> PCS | L695: =IFERROR(_xlfn.TEXTAFTER(_xlfn.TEXTBEFORE(E695," PER"),"USD ")," ") -> 1.275 | M695: =IF(OR(K695="PCS",K695="PC",K695="NOS"),"PCS", IF(OR(K695="SET",K695="SETS"),"SET", IF(K695="PKT","PACK","OTHER"))) -> PCS | N695: 130 | O695: KGS | P695: 606.52831 | Q695: 78848.68 | R695: 7.2812522 | S695: 946.56279 | T695: 28890.2 | U695: =P695+R695 -> 613.80956 | V695: =YEAR(B695) -> 2023 | W695: =IFERROR(VLOOKUP(VALUE(D695),'HSN Lookup'!$A:$B,2,0),"Unknown") -> Household Steel Items | X695: =IF(ISNUMBER(SEARCH("SCRUBBER",G695)),"Scrubber", IF(ISNUMBER(SEARCH("STRAINER",G695)),"Tea Strainer", IF(ISNUMBER(SEARCH("BASKET",G695)),"Basket", IF(ISNUMBER(SEARCH("HANGER",G695)),"Hanger", IF(ISNUMBER(SEARCH("STAND",G695)),"Cloth Stand", IF(ISNUMBER(SEARCH("SPRINKLER",G695)),"Sprinkler", IF(ISNUMBER(SEARCH("HOLDER",G695)),"Holder", IF(ISNUMBER(SEARCH("LUNCH BOX",G695)),"Lunch Box", "Other")))))))) -> Other
... A710: INNSA1 | B710: 2023-04-28 | C710: 0301049751 | D710: 73239990 | E710: STAINLESS STEEL BOTTLE 750ML SG805 (AM-06) (QTY:10980 NOS /USD 1.0448 PER NOS) | G710: {=_xlfn.LET( _xlpm.txt, TRIM(E710), _xlpm.posQTY, IFERROR(FIND("(QTY", _xlpm.txt, 1), 0), _xlpm.firstSpace, FIND(" ", _xlpm.txt & " "), _xlpm.afterFirst, TRIM(MID(_xlpm.txt, _xlpm.firstSpace+1, 9999)), _xlpm.namePart, IF(_xlpm.posQTY>0, _xlfn.TEXTBEFORE(_xlpm.afterFirst, "(QTY"), IFERROR(_xlfn.TEXTBEFORE(_xlpm.afterFirst, "("), _xlpm.afterFirst)), TRIM(_xlpm.namePart) )} -> STEEL BOTTLE 750ML SG805 (AM-06) | H710: =IFERROR( IF( AND(ISNUMBER(FIND("(",E710)), NOT(ISNUMBER(SEARCH("QTY", _xlfn.TEXTBEFORE(_xlfn.TEXTAFTER(E710,"("), ")")))) ), _xlfn.TEXTBEFORE(_xlfn.TEXTAFTER(E710,"("), ")"), LEFT(E710, FIND(" ", E710 & " ") - 1) ), "") -> AM-06 | I710: {=_xlfn.LET( _xlpm.txt, E710, _xlpm.afterQty, IFERROR(_xlfn.TEXTAFTER(_xlpm.txt, "QTY:"), ""), _xlpm.numberText, TRIM(_xlfn.TEXTBEFORE(_xlpm.afterQty, " ")), _xlpm.cleanNum, SUBSTITUTE(_xlpm.numberText, ",", ""), IF(ISNUMBER(--_xlpm.cleanNum), --_xlpm.cleanNum, "") )} -> 10980 | J710: {=_xlfn.LET( _xlpm.txt, E710, _xlpm.afterQ, IFERROR(_xlfn.TEXTAFTER(_xlpm.txt,"QTY:"), IFERROR(_xlfn.TEXTAFTER(_xlpm.txt,"QTY "), IFERROR(_xlfn.TEXTAFTER(_xlpm.txt,"(QTY"), ""))), _xlpm.token, TRIM(IF(_xlpm.afterQ="","", _xlfn.TEXTBEFORE(_xlpm.afterQ, "/"))), _xlpm.numPart, IFERROR(LEFT(_xlpm.token, FIND(" ", _xlpm.token)-1), _xlpm.token), _xlpm.cleanNum, SUBSTITUTE(_xlpm.numPart, ",",""), IF(_xlpm.cleanNum="", "", VALUE(_xlpm.cleanNum)) )} -> 10980 | K710: {=_xlfn.LET( _xlpm.txt, E710, _xlpm.afterQ, IFERROR(_xlfn.TEXTAFTER(_xlpm.txt,"QTY:"), IFERROR(_xlfn.TEXTAFTER(_xlpm.txt,"QTY "), IFERROR(_xlfn.TEXTAFTER(_xlpm.txt,"(QTY"), ""))), _xlpm.token, TRIM(IF(_xlpm.afterQ="","", _xlfn.TEXTBEFORE(_xlpm.afterQ, "/"))), _xlpm.unitRaw, UPPER(TRIM(RIGHT(_xlpm.token, LEN(_xlpm.token) - FIND("@", SUBSTITUTE(_xlpm.token," ","@", LEN(_xlpm.token)-LEN(SUBSTITUTE(_xlpm.token," ",""))))))), _xlpm.unitRaw )} -> NOS | L710: =IFERROR(_xlfn.TEXTAFTER(_xlfn.TEXTBEFORE(E710," PER"),"USD ")," ") -> 1.0448 | M710: =IF(OR(K710="PCS",K710="PC",K710="NOS"),"PCS", IF(OR(K710="SET",K710="SETS"),"SET", IF(K710="PKT","PACK","OTHER"))) -> PCS | N710: 1647 | O710: KGS | P710: 596.772 | Q710: 982883.48 | R710: 7.1770535 | S710: 11820.607 | T710: 360128.5 | U710: =P710+R710 -> 603.94905 | V710: =YEAR(B710) -> 2023 | W710: =IFERROR(VLOOKUP(VALUE(D710),'HSN Lookup'!$A:$B,2,0),"Unknown") -> Household Steel Items | X710: =IF(ISNUMBER(SEARCH("SCRUBBER",G710)),"Scrubber", IF(ISNUMBER(SEARCH("STRAINER",G710)),"Tea Strainer", IF(ISNUMBER(SEARCH("BASKET",G710)),"Basket", IF(ISNUMBER(SEARCH("HANGER",G710)),"Hanger", IF(ISNUMBER(SEARCH("STAND",G710)),"Cloth Stand", IF(ISNUMBER(SEARCH("SPRINKLER",G710)),"Sprinkler", IF(ISNUMBER(SEARCH("HOLDER",G710)),"Holder", IF(ISNUMBER(SEARCH("LUNCH BOX",G710)),"Lunch Box", "Other")))))))) -> Other
A711: INNSA1 | B711: 2023-04-27 | C711: 0301049751 | D711: 73239990 | E711: 2628 HOUSEHOLD STEEL HOOK 3 PCS SET (QTY : 648 NUM/USD 0.421PER NUM) | F711: =LEFT(E711, FIND(" ", E711)-1) -> 2628 | G711: {=_xlfn.LET( _xlpm.txt, TRIM(E711), _xlpm.posQTY, IFERROR(FIND("(QTY", _xlpm.txt, 1), 0), _xlpm.firstSpace, FIND(" ", _xlpm.txt & " "), _xlpm.afterFirst, TRIM(MID(_xlpm.txt, _xlpm.firstSpace+1, 9999)), _xlpm.namePart, IF(_xlpm.posQTY>0, _xlfn.TEXTBEFORE(_xlpm.afterFirst, "(QTY"), IFERROR(_xlfn.TEXTBEFORE(_xlpm.afterFirst, "("), _xlpm.afterFirst)), TRIM(_xlpm.namePart) )} -> HOUSEHOLD STEEL HOOK 3 PCS SET | H711: =IFERROR( IF( AND(ISNUMBER(FIND("(",E711)), NOT(ISNUMBER(SEARCH("QTY", _xlfn.TEXTBEFORE(_xlfn.TEXTAFTER(E711,"("), ")")))) ), _xlfn.TEXTBEFORE(_xlfn.TEXTAFTER(E711,"("), ")"), LEFT(E711, FIND(" ", E711 & " ") - 1) ), "") -> 2628 | I711: {=_xlfn.LET( _xlpm.txt, E711, _xlpm.afterQty, IFERROR(_xlfn.TEXTAFTER(_xlpm.txt, "QTY:"), ""), _xlpm.numberText, TRIM(_xlfn.TEXTBEFORE(_xlpm.afterQty, " ")), _xlpm.cleanNum, SUBSTITUTE(_xlpm.numberText, ",", ""), IF(ISNUMBER(--_xlpm.cleanNum), --_xlpm.cleanNum, "") )} | J711: {=_xlfn.LET( _xlpm.txt, E711, _xlpm.afterQ, IFERROR(_xlfn.TEXTAFTER(_xlpm.txt,"QTY:"), IFERROR(_xlfn.TEXTAFTER(_xlpm.txt,"QTY "), IFERROR(_xlfn.TEXTAFTER(_xlpm.txt,"(QTY"), ""))), _xlpm.token, TRIM(IF(_xlpm.afterQ="","", _xlfn.TEXTBEFORE(_xlpm.afterQ, "/"))), _xlpm.numPart, IFERROR(LEFT(_xlpm.token, FIND(" ", _xlpm.token)-1), _xlpm.token), _xlpm.cleanNum, SUBSTITUTE(_xlpm.numPart, ",",""), IF(_xlpm.cleanNum="", "", VALUE(_xlpm.cleanNum)) )} -> #VALUE! | K711: {=_xlfn.LET( _xlpm.txt, E711, _xlpm.afterQ, IFERROR(_xlfn.TEXTAFTER(_xlpm.txt,"QTY:"), IFERROR(_xlfn.TEXTAFTER(_xlpm.txt,"QTY "), IFERROR(_xlfn.TEXTAFTER(_xlpm.txt,"(QTY"), ""))), _xlpm.token, TRIM(IF(_xlpm.afterQ="","", _xlfn.TEXTBEFORE(_xlpm.afterQ, "/"))), _xlpm.unitRaw, UPPER(TRIM(RIGHT(_xlpm.token, LEN(_xlpm.token) - FIND("@", SUBSTITUTE(_xlpm.token," ","@", LEN(_xlpm.token)-LEN(SUBSTITUTE(_xlpm.token," ",""))))))), _xlpm.unitRaw )} -> NUM | L711: =IFERROR(_xlfn.TEXTAFTER(_xlfn.TEXTBEFORE(E711," PER"),"USD ")," ") | M711: =IF(OR(K711="PCS",K711="PC",K711="NOS"),"PCS", IF(OR(K711="SET",K711="SETS"),"SET", IF(K711="PKT","PACK","OTHER"))) -> OTHER | N711: 21.96 | O711: KGS | P711: 1045.2117 | Q711: 22952.85 | R711: 12.570195 | S711: 276.04149 | T711: 8410 | U711: =P711+R711 -> 1057.7819 | V711: =YEAR(B711) -> 2023 | W711: =IFERROR(VLOOKUP(VALUE(D711),'HSN Lookup'!$A:$B,2,0),"Unknown") -> Household Steel Items | X711: =IF(ISNUMBER(SEARCH("SCRUBBER",G711)),"Scrubber", IF(ISNUMBER(SEARCH("STRAINER",G711)),"Tea Strainer", IF(ISNUMBER(SEARCH("BASKET",G711)),"Basket", IF(ISNUMBER(SEARCH("HANGER",G711)),"Hanger", IF(ISNUMBER(SEARCH("STAND",G711)),"Cloth Stand", IF(ISNUMBER(SEARCH("SPRINKLER",G711)),"Sprinkler", IF(ISNUMBER(SEARCH("HOLDER",G711)),"Holder", IF(ISNUMBER(SEARCH("LUNCH BOX",G711)),"Lunch Box", "Other")))))))) -> Other
A712: INNSA1 | B712: 2023-04-27 | C712: 0301049751 | D712: 73239990 | E712: 2628 HOUSEHOLD STEEL HOOK 3 PCS SET (QTY : 167832 NUM/USD 0.421 PER NUM) | F712: =LEFT(E712, FIND(" ", E712)-1) -> 2628 | G712: {=_xlfn.LET( _xlpm.txt, TRIM(E712), _xlpm.posQTY, IFERROR(FIND("(QTY", _xlpm.txt, 1), 0), _xlpm.firstSpace, FIND(" ", _xlpm.txt & " "), _xlpm.afterFirst, TRIM(MID(_xlpm.txt, _xlpm.firstSpace+1, 9999)), _xlpm.namePart, IF(_xlpm.posQTY>0, _xlfn.TEXTBEFORE(_xlpm.afterFirst, "(QTY"), IFERROR(_xlfn.TEXTBEFORE(_xlpm.afterFirst, "("), _xlpm.afterFirst)), TRIM(_xlpm.namePart) )} -> HOUSEHOLD STEEL HOOK 3 PCS SET | H712: =IFERROR( IF( AND(ISNUMBER(FIND("(",E712)), NOT(ISNUMBER(SEARCH("QTY", _xlfn.TEXTBEFORE(_xlfn.TEXTAFTER(E712,"("), ")")))) ), _xlfn.TEXTBEFORE(_xlfn.TEXTAFTER(E712,"("), ")"), LEFT(E712, FIND(" ", E712 & " ") - 1) ), "") -> 2628 | I712: {=_xlfn.LET( _xlpm.txt, E712, _xlpm.afterQty, IFERROR(_xlfn.TEXTAFTER(_xlpm.txt, "QTY:"), ""), _xlpm.numberText, TRIM(_xlfn.TEXTBEFORE(_xlpm.afterQty, " ")), _xlpm.cleanNum, SUBSTITUTE(_xlpm.numberText, ",", ""), IF(ISNUMBER(--_xlpm.cleanNum), --_xlpm.cleanNum, "") )} | J712: {=_xlfn.LET( _xlpm.txt, E712, _xlpm.afterQ, IFERROR(_xlfn.TEXTAFTER(_xlpm.txt,"QTY:"), IFERROR(_xlfn.TEXTAFTER(_xlpm.txt,"QTY "), IFERROR(_xlfn.TEXTAFTER(_xlpm.txt,"(QTY"), ""))), _xlpm.token, TRIM(IF(_xlpm.afterQ="","", _xlfn.TEXTBEFORE(_xlpm.afterQ, "/"))), _xlpm.numPart, IFERROR(LEFT(_xlpm.token, FIND(" ", _xlpm.token)-1), _xlpm.token), _xlpm.cleanNum, SUBSTITUTE(_xlpm.numPart, ",",""), IF(_xlpm.cleanNum="", "", VALUE(_xlpm.cleanNum)) )} -> #VALUE! | K712: {=_xlfn.LET( _xlpm.txt, E712, _xlpm.afterQ, IFERROR(_xlfn.TEXTAFTER(_xlpm.txt,"QTY:"), IFERROR(_xlfn.TEXTAFTER(_xlpm.txt,"QTY "), IFERROR(_xlfn.TEXTAFTER(_xlpm.txt,"(QTY"), ""))), _xlpm.token, TRIM(IF(_xlpm.afterQ="","", _xlfn.TEXTBEFORE(_xlpm.afterQ, "/"))), _xlpm.unitRaw, UPPER(TRIM(RIGHT(_xlpm.token, LEN(_xlpm.token) - FIND("@", SUBSTITUTE(_xlpm.token," ","@", LEN(_xlpm.token)-LEN(SUBSTITUTE(_xlpm.token," ",""))))))), _xlpm.unitRaw )} -> NUM | L712: =IFERROR(_xlfn.TEXTAFTER(_xlfn.TEXTBEFORE(E712," PER"),"USD ")," ") -> 0.421 | M712: =IF(OR(K712="PCS",K712="PC",K712="NOS"),"PCS", IF(OR(K712="SET",K712="SETS"),"SET", IF(K712="PKT","PACK","OTHER"))) -> OTHER | N712: 5687.64 | O712: KGS | P712: 1043.4143 | Q712: 5934564.8 | R712: 12.548578 | S712: 71371.795 | T712: 2174424.6 | U712: =P712+R712 -> 1055.9629 | V712: =YEAR(B712) -> 2023 | W712: =IFERROR(VLOOKUP(VALUE(D712),'HSN Lookup'!$A:$B,2,0),"Unknown") -> Household Steel Items | X712: =IF(ISNUMBER(SEARCH("SCRUBBER",G712)),"Scrubber", IF(ISNUMBER(SEARCH("STRAINER",G712)),"Tea Strainer", IF(ISNUMBER(SEARCH("BASKET",G712)),"Basket", IF(ISNUMBER(SEARCH("HANGER",G712)),"Hanger", IF(ISNUMBER(SEARCH("STAND",G712)),"Cloth Stand", IF(ISNUMBER(SEARCH("SPRINKLER",G712)),"Sprinkler", IF(ISNUMBER(SEARCH("HOLDER",G712)),"Holder", IF(ISNUMBER(SEARCH("LUNCH BOX",G712)),"Lunch Box", "Other")))))))) -> Other
A713: INNSA1 | B713: 2023-04-26 | C713: 0301049751 | D713: 73231000 | E713: STEEL SCRUBBER 2PCS SET ITEM NO: 8001-2) (168360 PCS & 0.16USD PER PIECE) | G713: {=_xlfn.LET( _xlpm.txt, TRIM(E713), _xlpm.posQTY, IFERROR(FIND("(QTY", _xlpm.txt, 1), 0), _xlpm.firstSpace, FIND(" ", _xlpm.txt & " "), _xlpm.afterFirst, TRIM(MID(_xlpm.txt, _xlpm.firstSpace+1, 9999)), _xlpm.namePart, IF(_xlpm.posQTY>0, _xlfn.TEXTBEFORE(_xlpm.afterFirst, "(QTY"), IFERROR(_xlfn.TEXTBEFORE(_xlpm.afterFirst, "("), _xlpm.afterFirst)), TRIM(_xlpm.namePart) )} -> SCRUBBER 2PCS SET ITEM NO: 8001-2) | H713: =IFERROR( IF( AND(ISNUMBER(FIND("(",E713)), NOT(ISNUMBER(SEARCH("QTY", _xlfn.TEXTBEFORE(_xlfn.TEXTAFTER(E713,"("), ")")))) ), _xlfn.TEXTBEFORE(_xlfn.TEXTAFTER(E713,"("), ")"), LEFT(E713, FIND(" ", E713 & " ") - 1) ), "") -> 168360 PCS & 0.16USD PER PIECE | I713: {=_xlfn.LET( _xlpm.txt, E713, _xlpm.afterQty, IFERROR(_xlfn.TEXTAFTER(_xlpm.txt, "QTY:"), ""), _xlpm.numberText, TRIM(_xlfn.TEXTBEFORE(_xlpm.afterQty, " ")), _xlpm.cleanNum, SUBSTITUTE(_xlpm.numberText, ",", ""), IF(ISNUMBER(--_xlpm.cleanNum), --_xlpm.cleanNum, "") )} | J713: {=_xlfn.LET( _xlpm.txt, E713, _xlpm.afterQ, IFERROR(_xlfn.TEXTAFTER(_xlpm.txt,"QTY:"), IFERROR(_xlfn.TEXTAFTER(_xlpm.txt,"QTY "), IFERROR(_xlfn.TEXTAFTER(_xlpm.txt,"(QTY"), ""))), _xlpm.token, TRIM(IF(_xlpm.afterQ="","", _xlfn.TEXTBEFORE(_xlpm.afterQ, "/"))), _xlpm.numPart, IFERROR(LEFT(_xlpm.token, FIND(" ", _xlpm.token)-1), _xlpm.token), _xlpm.cleanNum, SUBSTITUTE(_xlpm.numPart, ",",""), IF(_xlpm.cleanNum="", "", VALUE(_xlpm.cleanNum)) )} | K713: {=_xlfn.LET( _xlpm.txt, E713, _xlpm.afterQ, IFERROR(_xlfn.TEXTAFTER(_xlpm.txt,"QTY:"), IFERROR(_xlfn.TEXTAFTER(_xlpm.txt,"QTY "), IFERROR(_xlfn.TEXTAFTER(_xlpm.txt,"(QTY"), ""))), _xlpm.token, TRIM(IF(_xlpm.afterQ="","", _xlfn.TEXTBEFORE(_xlpm.afterQ, "/"))), _xlpm.unitRaw, UPPER(TRIM(RIGHT(_xlpm.token, LEN(_xlpm.token) - FIND("@", SUBSTITUTE(_xlpm.token," ","@", LEN(_xlpm.token)-LEN(SUBSTITUTE(_xlpm.token," ",""))))))), _xlpm.unitRaw )} -> #VALUE! | L713: =IFERROR(_xlfn.TEXTAFTER(_xlfn.TEXTBEFORE(E713," PER"),"USD ")," ") | M713: =IF(OR(K713="PCS",K713="PC",K713="NOS"),"PCS", IF(OR(K713="SET",K713="SETS"),"SET", IF(K713="PKT","PACK","OTHER"))) -> #VALUE! | N713: 4910 | O713: KGS | P713: 465.50697 | Q713: 2285639.2 | R713: 5.5984001 | S713: 27488.145 | T713: 1004767 | U713: =P713+R713 -> 471.10537 | V713: =YEAR(B713) -> 2023 | W713: =IFERROR(VLOOKUP(VALUE(D713),'HSN Lookup'!$A:$B,2,0),"Unknown") -> Steel Scrubbers | X713: =IF(ISNUMBER(SEARCH("SCRUBBER",G713)),"Scrubber", IF(ISNUMBER(SEARCH("STRAINER",G713)),"Tea Strainer", IF(ISNUMBER(SEARCH("BASKET",G713)),"Basket", IF(ISNUMBER(SEARCH("HANGER",G713)),"Hanger", IF(ISNUMBER(SEARCH("STAND",G713)),"Cloth Stand", IF(ISNUMBER(SEARCH("SPRINKLER",G713)),"Sprinkler", IF(ISNUMBER(SEARCH("HOLDER",G713)),"Holder", IF(ISNUMBER(SEARCH("LUNCH BOX",G713)),"Lunch Box", "Other")))))))) -> Scrubber
A714: INNSA1 | B714: 2023-04-24 | C714: 0301049751 | D714: 73239990 | E714: STEEL MUFFIN PAN 6 PCS SET (AM-286) (QTY : 960 SET / USD : 0.526 PER SET ) | G714: {=_xlfn.LET( _xlpm.txt, TRIM(E714), _xlpm.posQTY, IFERROR(FIND("(QTY", _xlpm.txt, 1), 0), _xlpm.firstSpace, FIND(" ", _xlpm.txt & " "), _xlpm.afterFirst, TRIM(MID(_xlpm.txt, _xlpm.firstSpace+1, 9999)), _xlpm.namePart, IF(_xlpm.posQTY>0, _xlfn.TEXTBEFORE(_xlpm.afterFirst, "(QTY"), IFERROR(_xlfn.TEXTBEFORE(_xlpm.afterFirst, "("), _xlpm.afterFirst)), TRIM(_xlpm.namePart) )} -> MUFFIN PAN 6 PCS SET (AM-286) | H714: =IFERROR( IF( AND(ISNUMBER(FIND("(",E714)), NOT(ISNUMBER(SEARCH("QTY", _xlfn.TEXTBEFORE(_xlfn.TEXTAFTER(E714,"("), ")")))) ), _xlfn.TEXTBEFORE(_xlfn.TEXTAFTER(E714,"("), ")"), LEFT(E714, FIND(" ", E714 & " ") - 1) ), "") -> AM-286 | I714: {=_xlfn.LET( _xlpm.txt, E714, _xlpm.afterQty, IFERROR(_xlfn.TEXTAFTER(_xlpm.txt, "QTY:"), ""), _xlpm.numberText, TRIM(_xlfn.TEXTBEFORE(_xlpm.afterQty, " ")), _xlpm.cleanNum, SUBSTITUTE(_xlpm.numberText, ",", ""), IF(ISNUMBER(--_xlpm.cleanNum), --_xlpm.cleanNum, "") )} | J714: {=_xlfn.LET( _xlpm.txt, E714, _xlpm.afterQ, IFERROR(_xlfn.TEXTAFTER(_xlpm.txt,"QTY:"), IFERROR(_xlfn.TEXTAFTER(_xlpm.txt,"QTY "), IFERROR(_xlfn.TEXTAFTER(_xlpm.txt,"(QTY"), ""))), _xlpm.token, TRIM(IF(_xlpm.afterQ="","", _xlfn.TEXTBEFORE(_xlpm.afterQ, "/"))), _xlpm.numPart, IFERROR(LEFT(_xlpm.token, FIND(" ", _xlpm.token)-1), _xlpm.token), _xlpm.cleanNum, SUBSTITUTE(_xlpm.numPart, ",",""), IF(_xlpm.cleanNum="", "", VALUE(_xlpm.cleanNum)) )} -> #VALUE! | K714: {=_xlfn.LET( _xlpm.txt, E714, _xlpm.afterQ, IFERROR(_xlfn.TEXTAFTER(_xlpm.txt,"QTY:"), IFERROR(_xlfn.TEXTAFTER(_xlpm.txt,"QTY "), IFERROR(_xlfn.TEXTAFTER(_xlpm.txt,"(QTY"), ""))), _xlpm.token, TRIM(IF(_xlpm.afterQ="","", _xlfn.TEXTBEFORE(_xlpm.afterQ, "/"))), _xlpm.unitRaw, UPPER(TRIM(RIGHT(_xlpm.token, LEN(_xlpm.token) - FIND("@", SUBSTITUTE(_xlpm.token," ","@", LEN(_xlpm.token)-LEN(SUBSTITUTE(_xlpm.token," ",""))))))), _xlpm.unitRaw )} -> SET | L714: =IFERROR(_xlfn.TEXTAFTER(_xlfn.TEXTBEFORE(E714," PER"),"USD ")," ") -> : 0.526 | M714: =IF(OR(K714="PCS",K714="PC",K714="NOS"),"PCS", IF(OR(K714="SET",K714="SETS"),"SET", IF(K714="PKT","PACK","OTHER"))) -> SET | N714: 186 | O714: KGS | P714: 236.22054 | Q714: 43937.02 | R714: 2.8408964 | S714: 528.40673 | T714: 16098.5 | U714: =P714+R714 -> 239.06143 | V714: =YEAR(B714) -> 2023 | W714: =IFERROR(VLOOKUP(VALUE(D714),'HSN Lookup'!$A:$B,2,0),"Unknown") -> Household Steel Items | X714: =IF(ISNUMBER(SEARCH("SCRUBBER",G714)),"Scrubber", IF(ISNUMBER(SEARCH("STRAINER",G714)),"Tea Strainer", IF(ISNUMBER(SEARCH("BASKET",G714)),"Basket", IF(ISNUMBER(SEARCH("HANGER",G714)),"Hanger", IF(ISNUMBER(SEARCH("STAND",G714)),"Cloth Stand", IF(ISNUMBER(SEARCH("SPRINKLER",G714)),"Sprinkler", IF(ISNUMBER(SEARCH("HOLDER",G714)),"Holder", IF(ISNUMBER(SEARCH("LUNCH BOX",G714)),"Lunch Box", "Other")))))))) -> Other
A715: INNSA1 | B715: 2023-04-24 | C715: 0301049751 | D715: 73239990 | E715: STEEL LEMON SQUEEZER (AM-217) (QTY :5040 PCS /USD:1.976 PERPCS) | G715: {=_xlfn.LET( _xlpm.txt, TRIM(E715), _xlpm.posQTY, IFERROR(FIND("(QTY", _xlpm.txt, 1), 0), _xlpm.firstSpace, FIND(" ", _xlpm.txt & " "), _xlpm.afterFirst, TRIM(MID(_xlpm.txt, _xlpm.firstSpace+1, 9999)), _xlpm.namePart, IF(_xlpm.posQTY>0, _xlfn.TEXTBEFORE(_xlpm.afterFirst, "(QTY"), IFERROR(_xlfn.TEXTBEFORE(_xlpm.afterFirst, "("), _xlpm.afterFirst)), TRIM(_xlpm.namePart) )} -> LEMON SQUEEZER (AM-217) | H715: =IFERROR( IF( AND(ISNUMBER(FIND("(",E715)), NOT(ISNUMBER(SEARCH("QTY", _xlfn.TEXTBEFORE(_xlfn.TEXTAFTER(E715,"("), ")")))) ), _xlfn.TEXTBEFORE(_xlfn.TEXTAFTER(E715,"("), ")"), LEFT(E715, FIND(" ", E715 & " ") - 1) ), "") -> AM-217 | I715: {=_xlfn.LET( _xlpm.txt, E715, _xlpm.afterQty, IFERROR(_xlfn.TEXTAFTER(_xlpm.txt, "QTY:"), ""), _xlpm.numberText, TRIM(_xlfn.TEXTBEFORE(_xlpm.afterQty, " ")), _xlpm.cleanNum, SUBSTITUTE(_xlpm.numberText, ",", ""), IF(ISNUMBER(--_xlpm.cleanNum), --_xlpm.cleanNum, "") )} | J715: {=_xlfn.LET( _xlpm.txt, E715, _xlpm.afterQ, IFERROR(_xlfn.TEXTAFTER(_xlpm.txt,"QTY:"), IFERROR(_xlfn.TEXTAFTER(_xlpm.txt,"QTY "), IFERROR(_xlfn.TEXTAFTER(_xlpm.txt,"(QTY"), ""))), _xlpm.token, TRIM(IF(_xlpm.afterQ="","", _xlfn.TEXTBEFORE(_xlpm.afterQ, "/"))), _xlpm.numPart, IFERROR(LEFT(_xlpm.token, FIND(" ", _xlpm.token)-1), _xlpm.token), _xlpm.cleanNum, SUBSTITUTE(_xlpm.numPart, ",",""), IF(_xlpm.cleanNum="", "", VALUE(_xlpm.cleanNum)) )} -> #VALUE! | K715: {=_xlfn.LET( _xlpm.txt, E715, _xlpm.afterQ, IFERROR(_xlfn.TEXTAFTER(_xlpm.txt,"QTY:"), IFERROR(_xlfn.TEXTAFTER(_xlpm.txt,"QTY "), IFERROR(_xlfn.TEXTAFTER(_xlpm.txt,"(QTY"), ""))), _xlpm.token, TRIM(IF(_xlpm.afterQ="","", _xlfn.TEXTBEFORE(_xlpm.afterQ, "/"))), _xlpm.unitRaw, UPPER(TRIM(RIGHT(_xlpm.token, LEN(_xlpm.token) - FIND("@", SUBSTITUTE(_xlpm.token," ","@", LEN(_xlpm.token)-LEN(SUBSTITUTE(_xlpm.token," ",""))))))), _xlpm.unitRaw )} -> PCS | L715: =IFERROR(_xlfn.TEXTAFTER(_xlfn.TEXTBEFORE(E715," PER"),"USD ")," ") | M715: =IF(OR(K715="PCS",K715="PC",K715="NOS"),"PCS", IF(OR(K715="SET",K715="SETS"),"SET", IF(K715="PKT","PACK","OTHER"))) -> PCS | N715: 1470 | O715: KGS | P715: 589.4865 | Q715: 866545.15 | R715: 7.0894347 | S715: 10421.469 | T715: 317502.1 | U715: =P715+R715 -> 596.57593 | V715: =YEAR(B715) -> 2023 | W715: =IFERROR(VLOOKUP(VALUE(D715),'HSN Lookup'!$A:$B,2,0),"Unknown") -> Household Steel Items | X715: =IF(ISNUMBER(SEARCH("SCRUBBER",G715)),"Scrubber", IF(ISNUMBER(SEARCH("STRAINER",G715)),"Tea Strainer", IF(ISNUMBER(SEARCH("BASKET",G715)),"Basket", IF(ISNUMBER(SEARCH("HANGER",G715)),"Hanger", IF(ISNUMBER(SEARCH("STAND",G715)),"Cloth Stand", IF(ISNUMBER(SEARCH("SPRINKLER",G715)),"Sprinkler", IF(ISNUMBER(SEARCH("HOLDER",G715)),"Holder", IF(ISNUMBER(SEARCH("LUNCH BOX",G715)),"Lunch Box", "Other")))))))) -> Other
A716: INNSA1 | B716: 2023-04-22 | C716: 0301049751 | D716: 73239990 | E716: STEEL HANGER WITH HOOK (SL-89) (QTY:70056 PCS/1.11 USD PER PCS) | G716: {=_xlfn.LET( _xlpm.txt, TRIM(E716), _xlpm.posQTY, IFERROR(FIND("(QTY", _xlpm.txt, 1), 0), _xlpm.firstSpace, FIND(" ", _xlpm.txt & " "), _xlpm.afterFirst, TRIM(MID(_xlpm.txt, _xlpm.firstSpace+1, 9999)), _xlpm.namePart, IF(_xlpm.posQTY>0, _xlfn.TEXTBEFORE(_xlpm.afterFirst, "(QTY"), IFERROR(_xlfn.TEXTBEFORE(_xlpm.afterFirst, "("), _xlpm.afterFirst)), TRIM(_xlpm.namePart) )} -> HANGER WITH HOOK (SL-89) | H716: =IFERROR( IF( AND(ISNUMBER(FIND("(",E716)), NOT(ISNUMBER(SEARCH("QTY", _xlfn.TEXTBEFORE(_xlfn.TEXTAFTER(E716,"("), ")")))) ), _xlfn.TEXTBEFORE(_xlfn.TEXTAFTER(E716,"("), ")"), LEFT(E716, FIND(" ", E716 & " ") - 1) ), "") -> SL-89 | I716: {=_xlfn.LET( _xlpm.txt, E716, _xlpm.afterQty, IFERROR(_xlfn.TEXTAFTER(_xlpm.txt, "QTY:"), ""), _xlpm.numberText, TRIM(_xlfn.TEXTBEFORE(_xlpm.afterQty, " ")), _xlpm.cleanNum, SUBSTITUTE(_xlpm.numberText, ",", ""), IF(ISNUMBER(--_xlpm.cleanNum), --_xlpm.cleanNum, "") )} -> 70056 | J716: {=_xlfn.LET( _xlpm.txt, E716, _xlpm.afterQ, IFERROR(_xlfn.TEXTAFTER(_xlpm.txt,"QTY:"), IFERROR(_xlfn.TEXTAFTER(_xlpm.txt,"QTY "), IFERROR(_xlfn.TEXTAFTER(_xlpm.txt,"(QTY"), ""))), _xlpm.token, TRIM(IF(_xlpm.afterQ="","", _xlfn.TEXTBEFORE(_xlpm.afterQ, "/"))), _xlpm.numPart, IFERROR(LEFT(_xlpm.token, FIND(" ", _xlpm.token)-1), _xlpm.token), _xlpm.cleanNum, SUBSTITUTE(_xlpm.numPart, ",",""), IF(_xlpm.cleanNum="", "", VALUE(_xlpm.cleanNum)) )} -> 70056 | K716: {=_xlfn.LET( _xlpm.txt, E716, _xlpm.afterQ, IFERROR(_xlfn.TEXTAFTER(_xlpm.txt,"QTY:"), IFERROR(_xlfn.TEXTAFTER(_xlpm.txt,"QTY "), IFERROR(_xlfn.TEXTAFTER(_xlpm.txt,"(QTY"), ""))), _xlpm.token, TRIM(IF(_xlpm.afterQ="","", _xlfn.TEXTBEFORE(_xlpm.afterQ, "/"))), _xlpm.unitRaw, UPPER(TRIM(RIGHT(_xlpm.token, LEN(_xlpm.token) - FIND("@", SUBSTITUTE(_xlpm.token," ","@", LEN(_xlpm.token)-LEN(SUBSTITUTE(_xlpm.token," ",""))))))), _xlpm.unitRaw )} -> PCS | L716: =IFERROR(_xlfn.TEXTAFTER(_xlfn.TEXTBEFORE(E716," PER"),"USD ")," ") | M716: =IF(OR(K716="PCS",K716="PC",K716="NOS"),"PCS", IF(OR(K716="SET",K716="SETS"),"SET", IF(K716="PKT","PACK","OTHER"))) -> PCS | N716: 15568 | O716: KGS | P716: 417.60953 | Q716: 6501345.1 | R716: 5.0223635 | S716: 78188.155 | T716: 2382092.8 | U716: =P716+R716 -> 422.63189 | V716: =YEAR(B716) -> 2023 | W716: =IFERROR(VLOOKUP(VALUE(D716),'HSN Lookup'!$A:$B,2,0),"Unknown") -> Household Steel Items | X716: =IF(ISNUMBER(SEARCH("SCRUBBER",G716)),"Scrubber", IF(ISNUMBER(SEARCH("STRAINER",G716)),"Tea Strainer", IF(ISNUMBER(SEARCH("BASKET",G716)),"Basket", IF(ISNUMBER(SEARCH("HANGER",G716)),"Hanger", IF(ISNUMBER(SEARCH("STAND",G716)),"Cloth Stand", IF(ISNUMBER(SEARCH("SPRINKLER",G716)),"Sprinkler", IF(ISNUMBER(SEARCH("HOLDER",G716)),"Holder", IF(ISNUMBER(SEARCH("LUNCH BOX",G716)),"Lunch Box", "Other")))))))) -> Hanger
A717: INNSA1 | B717: 2023-04-21 | C717: 0301049751 | D717: 73239990 | E717: STEEL ROUND CONTAINER (6856) (QTY: 1,680 PCS/ USD:0.60 PER PCS) | G717: {=_xlfn.LET( _xlpm.txt, TRIM(E717), _xlpm.posQTY, IFERROR(FIND("(QTY", _xlpm.txt, 1), 0), _xlpm.firstSpace, FIND(" ", _xlpm.txt & " "), _xlpm.afterFirst, TRIM(MID(_xlpm.txt, _xlpm.firstSpace+1, 9999)), _xlpm.namePart, IF(_xlpm.posQTY>0, _xlfn.TEXTBEFORE(_xlpm.afterFirst, "(QTY"), IFERROR(_xlfn.TEXTBEFORE(_xlpm.afterFirst, "("), _xlpm.afterFirst)), TRIM(_xlpm.namePart) )} -> ROUND CONTAINER (6856) | H717: =IFERROR( IF( AND(ISNUMBER(FIND("(",E717)), NOT(ISNUMBER(SEARCH("QTY", _xlfn.TEXTBEFORE(_xlfn.TEXTAFTER(E717,"("), ")")))) ), _xlfn.TEXTBEFORE(_xlfn.TEXTAFTER(E717,"("), ")"), LEFT(E717, FIND(" ", E717 & " ") - 1) ), "") -> 6856 | I717: {=_xlfn.LET( _xlpm.txt, E717, _xlpm.afterQty, IFERROR(_xlfn.TEXTAFTER(_xlpm.txt, "QTY:"), ""), _xlpm.numberText, TRIM(_xlfn.TEXTBEFORE(_xlpm.afterQty, " ")), _xlpm.cleanNum, SUBSTITUTE(_xlpm.numberText, ",", ""), IF(ISNUMBER(--_xlpm.cleanNum), --_xlpm.cleanNum, "") )} | J717: {=_xlfn.LET( _xlpm.txt, E717, _xlpm.afterQ, IFERROR(_xlfn.TEXTAFTER(_xlpm.txt,"QTY:"), IFERROR(_xlfn.TEXTAFTER(_xlpm.txt,"QTY "), IFERROR(_xlfn.TEXTAFTER(_xlpm.txt,"(QTY"), ""))), _xlpm.token, TRIM(IF(_xlpm.afterQ="","", _xlfn.TEXTBEFORE(_xlpm.afterQ, "/"))), _xlpm.numPart, IFERROR(LEFT(_xlpm.token, FIND(" ", _xlpm.token)-1), _xlpm.token), _xlpm.cleanNum, SUBSTITUTE(_xlpm.numPart, ",",""), IF(_xlpm.cleanNum="", "", VALUE(_xlpm.cleanNum)) )} -> 1680 | K717: {=_xlfn.LET( _xlpm.txt, E717, _xlpm.afterQ, IFERROR(_xlfn.TEXTAFTER(_xlpm.txt,"QTY:"), IFERROR(_xlfn.TEXTAFTER(_xlpm.txt,"QTY "), IFERROR(_xlfn.TEXTAFTER(_xlpm.txt,"(QTY"), ""))), _xlpm.token, TRIM(IF(_xlpm.afterQ="","", _xlfn.TEXTBEFORE(_xlpm.afterQ, "/"))), _xlpm.unitRaw, UPPER(TRIM(RIGHT(_xlpm.token, LEN(_xlpm.token) - FIND("@", SUBSTITUTE(_xlpm.token," ","@", LEN(_xlpm.token)-LEN(SUBSTITUTE(_xlpm.token," ",""))))))), _xlpm.unitRaw )} -> PCS | L717: =IFERROR(_xlfn.TEXTAFTER(_xlfn.TEXTBEFORE(E717," PER"),"USD ")," ") | M717: =IF(OR(K717="PCS",K717="PC",K717="NOS"),"PCS", IF(OR(K717="SET",K717="SETS"),"SET", IF(K717="PKT","PACK","OTHER"))) -> PCS | N717: 140 | O717: KGS | P717: 605.81414 | Q717: 84813.98 | R717: 7.2857985 | S717: 1020.0118 | T717: 31075.9 | U717: =P717+R717 -> 613.09994 | V717: =YEAR(B717) -> 2023 | W717: =IFERROR(VLOOKUP(VALUE(D717),'HSN Lookup'!$A:$B,2,0),"Unknown") -> Household Steel Items | X717: =IF(ISNUMBER(SEARCH("SCRUBBER",G717)),"Scrubber", IF(ISNUMBER(SEARCH("STRAINER",G717)),"Tea Strainer", IF(ISNUMBER(SEARCH("BASKET",G717)),"Basket", IF(ISNUMBER(SEARCH("HANGER",G717)),"Hanger", IF(ISNUMBER(SEARCH("STAND",G717)),"Cloth Stand", IF(ISNUMBER(SEARCH("SPRINKLER",G717)),"Sprinkler", IF(ISNUMBER(SEARCH("HOLDER",G717)),"Holder", IF(ISNUMBER(SEARCH("LUNCH BOX",G717)),"Lunch Box", "Other")))))))) -> Other
A718: INNSA1 | B718: 2023-04-21 | C718: 0301049751 | D718: 73239990 | E718: STEEL RECTANGLE CONTAINER (6901) (QTY: 55896 PCS/ USD:0.94 PER PCS) | G718: {=_xlfn.LET( _xlpm.txt, TRIM(E718), _xlpm.posQTY, IFERROR(FIND("(QTY", _xlpm.txt, 1), 0), _xlpm.firstSpace, FIND(" ", _xlpm.txt & " "), _xlpm.afterFirst, TRIM(MID(_xlpm.txt, _xlpm.firstSpace+1, 9999)), _xlpm.namePart, IF(_xlpm.posQTY>0, _xlfn.TEXTBEFORE(_xlpm.afterFirst, "(QTY"), IFERROR(_xlfn.TEXTBEFORE(_xlpm.afterFirst, "("), _xlpm.afterFirst)), TRIM(_xlpm.namePart) )} -> RECTANGLE CONTAINER (6901) | H718: =IFERROR( IF( AND(ISNUMBER(FIND("(",E718)), NOT(ISNUMBER(SEARCH("QTY", _xlfn.TEXTBEFORE(_xlfn.TEXTAFTER(E718,"("), ")")))) ), _xlfn.TEXTBEFORE(_xlfn.TEXTAFTER(E718,"("), ")"), LEFT(E718, FIND(" ", E718 & " ") - 1) ), "") -> 6901 | I718: {=_xlfn.LET( _xlpm.txt, E718, _xlpm.afterQty, IFERROR(_xlfn.TEXTAFTER(_xlpm.txt, "QTY:"), ""), _xlpm.numberText, TRIM(_xlfn.TEXTBEFORE(_xlpm.afterQty, " ")), _xlpm.cleanNum, SUBSTITUTE(_xlpm.numberText, ",", ""), IF(ISNUMBER(--_xlpm.cleanNum), --_xlpm.cleanNum, "") )} | J718: {=_xlfn.LET( _xlpm.txt, E718, _xlpm.afterQ, IFERROR(_xlfn.TEXTAFTER(_xlpm.txt,"QTY:"), IFERROR(_xlfn.TEXTAFTER(_xlpm.txt,"QTY "), IFERROR(_xlfn.TEXTAFTER(_xlpm.txt,"(QTY"), ""))), _xlpm.token, TRIM(IF(_xlpm.afterQ="","", _xlfn.TEXTBEFORE(_xlpm.afterQ, "/"))), _xlpm.numPart, IFERROR(LEFT(_xlpm.token, FIND(" ", _xlpm.token)-1), _xlpm.token), _xlpm.cleanNum, SUBSTITUTE(_xlpm.numPart, ",",""), IF(_xlpm.cleanNum="", "", VALUE(_xlpm.cleanNum)) )} -> 55896 | K718: {=_xlfn.LET( _xlpm.txt, E718, _xlpm.afterQ, IFERROR(_xlfn.TEXTAFTER(_xlpm.txt,"QTY:"), IFERROR(_xlfn.TEXTAFTER(_xlpm.txt,"QTY "), IFERROR(_xlfn.TEXTAFTER(_xlpm.txt,"(QTY"), ""))), _xlpm.token, TRIM(IF(_xlpm.afterQ="","", _xlfn.TEXTBEFORE(_xlpm.afterQ, "/"))), _xlpm.unitRaw, UPPER(TRIM(RIGHT(_xlpm.token, LEN(_xlpm.token) - FIND("@", SUBSTITUTE(_xlpm.token," ","@", LEN(_xlpm.token)-LEN(SUBSTITUTE(_xlpm.token," ",""))))))), _xlpm.unitRaw )} -> PCS | L718: =IFERROR(_xlfn.TEXTAFTER(_xlfn.TEXTBEFORE(E718," PER"),"USD ")," ") | M718: =IF(OR(K718="PCS",K718="PC",K718="NOS"),"PCS", IF(OR(K718="SET",K718="SETS"),"SET", IF(K718="PKT","PACK","OTHER"))) -> PCS | N718: 9083.1 | O718: KGS | P718: 486.72242 | Q718: 4420948.4 | R718: 5.8535468 | S718: 53168.351 | T718: 1619835.5 | U718: =P718+R718 -> 492.57596 | V718: =YEAR(B718) -> 2023 | W718: =IFERROR(VLOOKUP(VALUE(D718),'HSN Lookup'!$A:$B,2,0),"Unknown") -> Household Steel Items | X718: =IF(ISNUMBER(SEARCH("SCRUBBER",G718)),"Scrubber", IF(ISNUMBER(SEARCH("STRAINER",G718)),"Tea Strainer", IF(ISNUMBER(SEARCH("BASKET",G718)),"Basket", IF(ISNUMBER(SEARCH("HANGER",G718)),"Hanger", IF(ISNUMBER(SEARCH("STAND",G718)),"Cloth Stand", IF(ISNUMBER(SEARCH("SPRINKLER",G718)),"Sprinkler", IF(ISNUMBER(SEARCH("HOLDER",G718)),"Holder", IF(ISNUMBER(SEARCH("LUNCH BOX",G718)),"Lunch Box", "Other")))))))) -> Other
A719: INNSA1 | B719: 2023-04-21 | C719: 0301049751 | D719: 73239990 | E719: STEEL LUNCH BOX SMALL (6587) (QTY: 51000 PCS/ USD:1.55 PER PCS) | G719: {=_xlfn.LET( _xlpm.txt, TRIM(E719), _xlpm.posQTY, IFERROR(FIND("(QTY", _xlpm.txt, 1), 0), _xlpm.firstSpace, FIND(" ", _xlpm.txt & " "), _xlpm.afterFirst, TRIM(MID(_xlpm.txt, _xlpm.firstSpace+1, 9999)), _xlpm.namePart, IF(_xlpm.posQTY>0, _xlfn.TEXTBEFORE(_xlpm.afterFirst, "(QTY"), IFERROR(_xlfn.TEXTBEFORE(_xlpm.afterFirst, "("), _xlpm.afterFirst)), TRIM(_xlpm.namePart) )} -> LUNCH BOX SMALL (6587) | H719: =IFERROR( IF( AND(ISNUMBER(FIND("(",E719)), NOT(ISNUMBER(SEARCH("QTY", _xlfn.TEXTBEFORE(_xlfn.TEXTAFTER(E719,"("), ")")))) ), _xlfn.TEXTBEFORE(_xlfn.TEXTAFTER(E719,"("), ")"), LEFT(E719, FIND(" ", E719 & " ") - 1) ), "") -> 6587 | I719: {=_xlfn.LET( _xlpm.txt, E719, _xlpm.afterQty, IFERROR(_xlfn.TEXTAFTER(_xlpm.txt, "QTY:"), ""), _xlpm.numberText, TRIM(_xlfn.TEXTBEFORE(_xlpm.afterQty, " ")), _xlpm.cleanNum, SUBSTITUTE(_xlpm.numberText, ",", ""), IF(ISNUMBER(--_xlpm.cleanNum), --_xlpm.cleanNum, "") )} | J719: {=_xlfn.LET( _xlpm.txt, E719, _xlpm.afterQ, IFERROR(_xlfn.TEXTAFTER(_xlpm.txt,"QTY:"), IFERROR(_xlfn.TEXTAFTER(_xlpm.txt,"QTY "), IFERROR(_xlfn.TEXTAFTER(_xlpm.txt,"(QTY"), ""))), _xlpm.token, TRIM(IF(_xlpm.afterQ="","", _xlfn.TEXTBEFORE(_xlpm.afterQ, "/"))), _xlpm.numPart, IFERROR(LEFT(_xlpm.token, FIND(" ", _xlpm.token)-1), _xlpm.token), _xlpm.cleanNum, SUBSTITUTE(_xlpm.numPart, ",",""), IF(_xlpm.cleanNum="", "", VALUE(_xlpm.cleanNum)) )} -> 51000 | K719: {=_xlfn.LET( _xlpm.txt, E719, _xlpm.afterQ, IFERROR(_xlfn.TEXTAFTER(_xlpm.txt,"QTY:"), IFERROR(_xlfn.TEXTAFTER(_xlpm.txt,"QTY "), IFERROR(_xlfn.TEXTAFTER(_xlpm.txt,"(QTY"), ""))), _xlpm.token, TRIM(IF(_xlpm.afterQ="","", _xlfn.TEXTBEFORE(_xlpm.afterQ, "/"))), _xlpm.unitRaw, UPPER(TRIM(RIGHT(_xlpm.token, LEN(_xlpm.token) - FIND("@", SUBSTITUTE(_xlpm.token," ","@", LEN(_xlpm.token)-LEN(SUBSTITUTE(_xlpm.token," ",""))))))), _xlpm.unitRaw )} -> PCS | L719: =IFERROR(_xlfn.TEXTAFTER(_xlfn.TEXTBEFORE(E719," PER"),"USD ")," ") | M719: =IF(OR(K719="PCS",K719="PC",K719="NOS"),"PCS", IF(OR(K719="SET",K719="SETS"),"SET", IF(K719="PKT","PACK","OTHER"))) -> PCS | N719: 10348.75 | O719: KGS | P719: 642.71863 | Q719: 6651334.4 | R719: 7.7296287 | S719: 79991.995 | T719: 2437049 | U719: =P719+R719 -> 650.44825 | V719: =YEAR(B719) -> 2023 | W719: =IFERROR(VLOOKUP(VALUE(D719),'HSN Lookup'!$A:$B,2,0),"Unknown") -> Household Steel Items | X719: =IF(ISNUMBER(SEARCH("SCRUBBER",G719)),"Scrubber", IF(ISNUMBER(SEARCH("STRAINER",G719)),"Tea Strainer", IF(ISNUMBER(SEARCH("BASKET",G719)),"Basket", IF(ISNUMBER(SEARCH("HANGER",G719)),"Hanger", IF(ISNUMBER(SEARCH("STAND",G719)),"Cloth Stand", IF(ISNUMBER(SEARCH("SPRINKLER",G719)),"Sprinkler", IF(ISNUMBER(SEARCH("HOLDER",G719)),"Holder", IF(ISNUMBER(SEARCH("LUNCH BOX",G719)),"Lunch Box", "Other")))))))) -> Lunch Box
A720: INNSA1 | B720: 2023-04-21 | C720: 0301049751 | D720: 73239990 | E720: STEEL RECTANGLE CONTAINER LARGE (6862) (QTY: 432 PCS/ USD:1.50 PER PCS) | G720: {=_xlfn.LET( _xlpm.txt, TRIM(E720), _xlpm.posQTY, IFERROR(FIND("(QTY", _xlpm.txt, 1), 0), _xlpm.firstSpace, FIND(" ", _xlpm.txt & " "), _xlpm.afterFirst, TRIM(MID(_xlpm.txt, _xlpm.firstSpace+1, 9999)), _xlpm.namePart, IF(_xlpm.posQTY>0, _xlfn.TEXTBEFORE(_xlpm.afterFirst, "(QTY"), IFERROR(_xlfn.TEXTBEFORE(_xlpm.afterFirst, "("), _xlpm.afterFirst)), TRIM(_xlpm.namePart) )} -> RECTANGLE CONTAINER LARGE (6862) | H720: =IFERROR( IF( AND(ISNUMBER(FIND("(",E720)), NOT(ISNUMBER(SEARCH("QTY", _xlfn.TEXTBEFORE(_xlfn.TEXTAFTER(E720,"("), ")")))) ), _xlfn.TEXTBEFORE(_xlfn.TEXTAFTER(E720,"("), ")"), LEFT(E720, FIND(" ", E720 & " ") - 1) ), "") -> 6862 | I720: {=_xlfn.LET( _xlpm.txt, E720, _xlpm.afterQty, IFERROR(_xlfn.TEXTAFTER(_xlpm.txt, "QTY:"), ""), _xlpm.numberText, TRIM(_xlfn.TEXTBEFORE(_xlpm.afterQty, " ")), _xlpm.cleanNum, SUBSTITUTE(_xlpm.numberText, ",", ""), IF(ISNUMBER(--_xlpm.cleanNum), --_xlpm.cleanNum, "") )} | J720: {=_xlfn.LET( _xlpm.txt, E720, _xlpm.afterQ, IFERROR(_xlfn.TEXTAFTER(_xlpm.txt,"QTY:"), IFERROR(_xlfn.TEXTAFTER(_xlpm.txt,"QTY "), IFERROR(_xlfn.TEXTAFTER(_xlpm.txt,"(QTY"), ""))), _xlpm.token, TRIM(IF(_xlpm.afterQ="","", _xlfn.TEXTBEFORE(_xlpm.afterQ, "/"))), _xlpm.numPart, IFERROR(LEFT(_xlpm.token, FIND(" ", _xlpm.token)-1), _xlpm.token), _xlpm.cleanNum, SUBSTITUTE(_xlpm.numPart, ",",""), IF(_xlpm.cleanNum="", "", VALUE(_xlpm.cleanNum)) )} -> 432 | K720: {=_xlfn.LET( _xlpm.txt, E720, _xlpm.afterQ, IFERROR(_xlfn.TEXTAFTER(_xlpm.txt,"QTY:"), IFERROR(_xlfn.TEXTAFTER(_xlpm.txt,"QTY "), IFERROR(_xlfn.TEXTAFTER(_xlpm.txt,"(QTY"), ""))), _xlpm.token, TRIM(IF(_xlpm.afterQ="","", _xlfn.TEXTBEFORE(_xlpm.afterQ, "/"))), _xlpm.unitRaw, UPPER(TRIM(RIGHT(_xlpm.token, LEN(_xlpm.token) - FIND("@", SUBSTITUTE(_xlpm.token," ","@", LEN(_xlpm.token)-LEN(SUBSTITUTE(_xlpm.token," ",""))))))), _xlpm.unitRaw )} -> PCS | L720: =IFERROR(_xlfn.TEXTAFTER(_xlfn.TEXTBEFORE(E720," PER"),"USD ")," ") | M720: =IF(OR(K720="PCS",K720="PC",K720="NOS"),"PCS", IF(OR(K720="SET",K720="SETS"),"SET", IF(K720="PKT","PACK","OTHER"))) -> PCS | N720: 108 | O720: KGS | P720: 504.84509 | Q720: 54523.27 | R720: 6.0714984 | S720: 655.72183 | T720: 19977.4 | U720: =P720+R720 -> 510.91659 | V720: =YEAR(B720) -> 2023 | W720: =IFERROR(VLOOKUP(VALUE(D720),'HSN Lookup'!$A:$B,2,0),"Unknown") -> Household Steel Items | X720: =IF(ISNUMBER(SEARCH("SCRUBBER",G720)),"Scrubber", IF(ISNUMBER(SEARCH("STRAINER",G720)),"Tea Strainer", IF(ISNUMBER(SEARCH("BASKET",G720)),"Basket", IF(ISNUMBER(SEARCH("HANGER",G720)),"Hanger", IF(ISNUMBER(SEARCH("STAND",G720)),"Cloth Stand", IF(ISNUMBER(SEARCH("SPRINKLER",G720)),"Sprinkler", IF(ISNUMBER(SEARCH("HOLDER",G720)),"Holder", IF(ISNUMBER(SEARCH("LUNCH BOX",G720)),"Lunch Box", "Other")))))))) -> Other
A721: INNSA1 | B721: 2023-04-19 | C721: 0301049751 | D721: 73239990 | E721: STAINLESS STEEL SPORTS BOTTLE 750ML S-308-C6 (NP-20) (QTY:24,552 NOS /USD 1.046 USD PER NOS) | G721: {=_xlfn.LET( _xlpm.txt, TRIM(E721), _xlpm.posQTY, IFERROR(FIND("(QTY", _xlpm.txt, 1), 0), _xlpm.firstSpace, FIND(" ", _xlpm.txt & " "), _xlpm.afterFirst, TRIM(MID(_xlpm.txt, _xlpm.firstSpace+1, 9999)), _xlpm.namePart, IF(_xlpm.posQTY>0, _xlfn.TEXTBEFORE(_xlpm.afterFirst, "(QTY"), IFERROR(_xlfn.TEXTBEFORE(_xlpm.afterFirst, "("), _xlpm.afterFirst)), TRIM(_xlpm.namePart) )} -> STEEL SPORTS BOTTLE 750ML S-308-C6 (NP-20) | H721: =IFERROR( IF( AND(ISNUMBER(FIND("(",E721)), NOT(ISNUMBER(SEARCH("QTY", _xlfn.TEXTBEFORE(_xlfn.TEXTAFTER(E721,"("), ")")))) ), _xlfn.TEXTBEFORE(_xlfn.TEXTAFTER(E721,"("), ")"), LEFT(E721, FIND(" ", E721 & " ") - 1) ), "") -> NP-20 | I721: {=_xlfn.LET( _xlpm.txt, E721, _xlpm.afterQty, IFERROR(_xlfn.TEXTAFTER(_xlpm.txt, "QTY:"), ""), _xlpm.numberText, TRIM(_xlfn.TEXTBEFORE(_xlpm.afterQty, " ")), _xlpm.cleanNum, SUBSTITUTE(_xlpm.numberText, ",", ""), IF(ISNUMBER(--_xlpm.cleanNum), --_xlpm.cleanNum, "") )} -> 24552 | J721: {=_xlfn.LET( _xlpm.txt, E721, _xlpm.afterQ, IFERROR(_xlfn.TEXTAFTER(_xlpm.txt,"QTY:"), IFERROR(_xlfn.TEXTAFTER(_xlpm.txt,"QTY "), IFERROR(_xlfn.TEXTAFTER(_xlpm.txt,"(QTY"), ""))), _xlpm.token, TRIM(IF(_xlpm.afterQ="","", _xlfn.TEXTBEFORE(_xlpm.afterQ, "/"))), _xlpm.numPart, IFERROR(LEFT(_xlpm.token, FIND(" ", _xlpm.token)-1), _xlpm.token), _xlpm.cleanNum, SUBSTITUTE(_xlpm.numPart, ",",""), IF(_xlpm.cleanNum="", "", VALUE(_xlpm.cleanNum)) )} -> 24552 | K721: {=_xlfn.LET( _xlpm.txt, E721, _xlpm.afterQ, IFERROR(_xlfn.TEXTAFTER(_xlpm.txt,"QTY:"), IFERROR(_xlfn.TEXTAFTER(_xlpm.txt,"QTY "), IFERROR(_xlfn.TEXTAFTER(_xlpm.txt,"(QTY"), ""))), _xlpm.token, TRIM(IF(_xlpm.afterQ="","", _xlfn.TEXTBEFORE(_xlpm.afterQ, "/"))), _xlpm.unitRaw, UPPER(TRIM(RIGHT(_xlpm.token, LEN(_xlpm.token) - FIND("@", SUBSTITUTE(_xlpm.token," ","@", LEN(_xlpm.token)-LEN(SUBSTITUTE(_xlpm.token," ",""))))))), _xlpm.unitRaw )} -> NOS | L721: =IFERROR(_xlfn.TEXTAFTER(_xlfn.TEXTBEFORE(E721," PER"),"USD ")," ") -> 1.046 USD | M721: =IF(OR(K721="PCS",K721="PC",K721="NOS"),"PCS", IF(OR(K721="SET",K721="SETS"),"SET", IF(K721="PKT","PACK","OTHER"))) -> PCS | N721: 4364.8 | O721: KGS | P721: 502.72825 | Q721: 2194308.2 | R721: 6.067933 | S721: 26485.314 | T721: 803994.6 | U721: =P721+R721 -> 508.79618 | V721: =YEAR(B721) -> 2023 | W721: =IFERROR(VLOOKUP(VALUE(D721),'HSN Lookup'!$A:$B,2,0),"Unknown") -> Household Steel Items | X721: =IF(ISNUMBER(SEARCH("SCRUBBER",G721)),"Scrubber", IF(ISNUMBER(SEARCH("STRAINER",G721)),"Tea Strainer", IF(ISNUMBER(SEARCH("BASKET",G721)),"Basket", IF(ISNUMBER(SEARCH("HANGER",G721)),"Hanger", IF(ISNUMBER(SEARCH("STAND",G721)),"Cloth Stand", IF(ISNUMBER(SEARCH("SPRINKLER",G721)),"Sprinkler", IF(ISNUMBER(SEARCH("HOLDER",G721)),"Holder", IF(ISNUMBER(SEARCH("LUNCH BOX",G721)),"Lunch Box", "Other")))))))) -> Other
A722: INNSA1 | B722: 2023-04-19 | C722: 0301049751 | D722: 73239990 | E722: STAINLESS STEEL COLA BOTTLE 750ML SK750 (SL-01) (QTY:8784 NOS /USD 1.180 USD PER NOS) | G722: {=_xlfn.LET( _xlpm.txt, TRIM(E722), _xlpm.posQTY, IFERROR(FIND("(QTY", _xlpm.txt, 1), 0), _xlpm.firstSpace, FIND(" ", _xlpm.txt & " "), _xlpm.afterFirst, TRIM(MID(_xlpm.txt, _xlpm.firstSpace+1, 9999)), _xlpm.namePart, IF(_xlpm.posQTY>0, _xlfn.TEXTBEFORE(_xlpm.afterFirst, "(QTY"), IFERROR(_xlfn.TEXTBEFORE(_xlpm.afterFirst, "("), _xlpm.afterFirst)), TRIM(_xlpm.namePart) )} -> STEEL COLA BOTTLE 750ML SK750 (SL-01) | H722: =IFERROR( IF( AND(ISNUMBER(FIND("(",E722)), NOT(ISNUMBER(SEARCH("QTY", _xlfn.TEXTBEFORE(_xlfn.TEXTAFTER(E722,"("), ")")))) ), _xlfn.TEXTBEFORE(_xlfn.TEXTAFTER(E722,"("), ")"), LEFT(E722, FIND(" ", E722 & " ") - 1) ), "") -> SL-01 | I722: {=_xlfn.LET( _xlpm.txt, E722, _xlpm.afterQty, IFERROR(_xlfn.TEXTAFTER(_xlpm.txt, "QTY:"), ""), _xlpm.numberText, TRIM(_xlfn.TEXTBEFORE(_xlpm.afterQty, " ")), _xlpm.cleanNum, SUBSTITUTE(_xlpm.numberText, ",", ""), IF(ISNUMBER(--_xlpm.cleanNum), --_xlpm.cleanNum, "") )} -> 8784 | J722: {=_xlfn.LET( _xlpm.txt, E722, _xlpm.afterQ, IFERROR(_xlfn.TEXTAFTER(_xlpm.txt,"QTY:"), IFERROR(_xlfn.TEXTAFTER(_xlpm.txt,"QTY "), IFERROR(_xlfn.TEXTAFTER(_xlpm.txt,"(QTY"), ""))), _xlpm.token, TRIM(IF(_xlpm.afterQ="","", _xlfn.TEXTBEFORE(_xlpm.afterQ, "/"))), _xlpm.numPart, IFERROR(LEFT(_xlpm.token, FIND(" ", _xlpm.token)-1), _xlpm.token), _xlpm.cleanNum, SUBSTITUTE(_xlpm.numPart, ",",""), IF(_xlpm.cleanNum="", "", VALUE(_xlpm.cleanNum)) )} -> 8784 | K722: {=_xlfn.LET( _xlpm.txt, E722, _xlpm.afterQ, IFERROR(_xlfn.TEXTAFTER(_xlpm.txt,"QTY:"), IFERROR(_xlfn.TEXTAFTER(_xlpm.txt,"QTY "), IFERROR(_xlfn.TEXTAFTER(_xlpm.txt,"(QTY"), ""))), _xlpm.token, TRIM(IF(_xlpm.afterQ="","", _xlfn.TEXTBEFORE(_xlpm.afterQ, "/"))), _xlpm.unitRaw, UPPER(TRIM(RIGHT(_xlpm.token, LEN(_xlpm.token) - FIND("@", SUBSTITUTE(_xlpm.token," ","@", LEN(_xlpm.token)-LEN(SUBSTITUTE(_xlpm.token," ",""))))))), _xlpm.unitRaw )} -> NOS | L722: =IFERROR(_xlfn.TEXTAFTER(_xlfn.TEXTBEFORE(E722," PER"),"USD ")," ") -> 1.180 USD | M722: =IF(OR(K722="PCS",K722="PC",K722="NOS"),"PCS", IF(OR(K722="SET",K722="SETS"),"SET", IF(K722="PKT","PACK","OTHER"))) -> PCS | N722: 1756.8 | O722: KGS | P722: 504.11671 | Q722: 885632.23 | R722: 6.0846917 | S722: 10689.586 | T722: 324495.6 | U722: =P722+R722 -> 510.2014 | V722: =YEAR(B722) -> 2023 | W722: =IFERROR(VLOOKUP(VALUE(D722),'HSN Lookup'!$A:$B,2,0),"Unknown") -> Household Steel Items | X722: =IF(ISNUMBER(SEARCH("SCRUBBER",G722)),"Scrubber", IF(ISNUMBER(SEARCH("STRAINER",G722)),"Tea Strainer", IF(ISNUMBER(SEARCH("BASKET",G722)),"Basket", IF(ISNUMBER(SEARCH("HANGER",G722)),"Hanger", IF(ISNUMBER(SEARCH("STAND",G722)),"Cloth Stand", IF(ISNUMBER(SEARCH("SPRINKLER",G722)),"Sprinkler", IF(ISNUMBER(SEARCH("HOLDER",G722)),"Holder", IF(ISNUMBER(SEARCH("LUNCH BOX",G722)),"Lunch Box", "Other")))))))) -> Other
A723: INNSA1 | B723: 2023-04-19 | C723: 0301049751 | D723: 73239990 | E723: STAINLESS STEEL SPORTS BOTTLE (KWB-600F) (QTY :49920 PCS /USD:0.94 PER PCS) | G723: {=_xlfn.LET( _xlpm.txt, TRIM(E723), _xlpm.posQTY, IFERROR(FIND("(QTY", _xlpm.txt, 1), 0), _xlpm.firstSpace, FIND(" ", _xlpm.txt & " "), _xlpm.afterFirst, TRIM(MID(_xlpm.txt, _xlpm.firstSpace+1, 9999)), _xlpm.namePart, IF(_xlpm.posQTY>0, _xlfn.TEXTBEFORE(_xlpm.afterFirst, "(QTY"), IFERROR(_xlfn.TEXTBEFORE(_xlpm.afterFirst, "("), _xlpm.afterFirst)), TRIM(_xlpm.namePart) )} -> STEEL SPORTS BOTTLE (KWB-600F) | H723: =IFERROR( IF( AND(ISNUMBER(FIND("(",E723)), NOT(ISNUMBER(SEARCH("QTY", _xlfn.TEXTBEFORE(_xlfn.TEXTAFTER(E723,"("), ")")))) ), _xlfn.TEXTBEFORE(_xlfn.TEXTAFTER(E723,"("), ")"), LEFT(E723, FIND(" ", E723 & " ") - 1) ), "") -> KWB-600F | I723: {=_xlfn.LET( _xlpm.txt, E723, _xlpm.afterQty, IFERROR(_xlfn.TEXTAFTER(_xlpm.txt, "QTY:"), ""), _xlpm.numberText, TRIM(_xlfn.TEXTBEFORE(_xlpm.afterQty, " ")), _xlpm.cleanNum, SUBSTITUTE(_xlpm.numberText, ",", ""), IF(ISNUMBER(--_xlpm.cleanNum), --_xlpm.cleanNum, "") )} | J723: {=_xlfn.LET( _xlpm.txt, E723, _xlpm.afterQ, IFERROR(_xlfn.TEXTAFTER(_xlpm.txt,"QTY:"), IFERROR(_xlfn.TEXTAFTER(_xlpm.txt,"QTY "), IFERROR(_xlfn.TEXTAFTER(_xlpm.txt,"(QTY"), ""))), _xlpm.token, TRIM(IF(_xlpm.afterQ="","", _xlfn.TEXTBEFORE(_xlpm.afterQ, "/"))), _xlpm.numPart, IFERROR(LEFT(_xlpm.token, FIND(" ", _xlpm.token)-1), _xlpm.token), _xlpm.cleanNum, SUBSTITUTE(_xlpm.numPart, ",",""), IF(_xlpm.cleanNum="", "", VALUE(_xlpm.cleanNum)) )} -> #VALUE! | K723: {=_xlfn.LET( _xlpm.txt, E723, _xlpm.afterQ, IFERROR(_xlfn.TEXTAFTER(_xlpm.txt,"QTY:"), IFERROR(_xlfn.TEXTAFTER(_xlpm.txt,"QTY "), IFERROR(_xlfn.TEXTAFTER(_xlpm.txt,"(QTY"), ""))), _xlpm.token, TRIM(IF(_xlpm.afterQ="","", _xlfn.TEXTBEFORE(_xlpm.afterQ, "/"))), _xlpm.unitRaw, UPPER(TRIM(RIGHT(_xlpm.token, LEN(_xlpm.token) - FIND("@", SUBSTITUTE(_xlpm.token," ","@", LEN(_xlpm.token)-LEN(SUBSTITUTE(_xlpm.token," ",""))))))), _xlpm.unitRaw )} -> PCS | L723: =IFERROR(_xlfn.TEXTAFTER(_xlfn.TEXTBEFORE(E723," PER"),"USD ")," ") | M723: =IF(OR(K723="PCS",K723="PC",K723="NOS"),"PCS", IF(OR(K723="SET",K723="SETS"),"SET", IF(K723="PKT","PACK","OTHER"))) -> PCS | N723: 7750 | O723: KGS | P723: 507.35716 | Q723: 3932018 | R723: 6.123804 | S723: 47459.481 | T723: 1440691.4 | U723: =P723+R723 -> 513.48096 | V723: =YEAR(B723) -> 2023 | W723: =IFERROR(VLOOKUP(VALUE(D723),'HSN Lookup'!$A:$B,2,0),"Unknown") -> Household Steel Items | X723: =IF(ISNUMBER(SEARCH("SCRUBBER",G723)),"Scrubber", IF(ISNUMBER(SEARCH("STRAINER",G723)),"Tea Strainer", IF(ISNUMBER(SEARCH("BASKET",G723)),"Basket", IF(ISNUMBER(SEARCH("HANGER",G723)),"Hanger", IF(ISNUMBER(SEARCH("STAND",G723)),"Cloth Stand", IF(ISNUMBER(SEARCH("SPRINKLER",G723)),"Sprinkler", IF(ISNUMBER(SEARCH("HOLDER",G723)),"Holder", IF(ISNUMBER(SEARCH("LUNCH BOX",G723)),"Lunch Box", "Other")))))))) -> Other
A724: INNSA1 | B724: 2023-04-19 | C724: 0301049751 | D724: 73239990 | E724: STAINLESS STEELSPORTS BOTTLE 650ML S115 (NP-21) (QTY:30924 NOS /USD 1.036 USD PER NOS) | G724: {=_xlfn.LET( _xlpm.txt, TRIM(E724), _xlpm.posQTY, IFERROR(FIND("(QTY", _xlpm.txt, 1), 0), _xlpm.firstSpace, FIND(" ", _xlpm.txt & " "), _xlpm.afterFirst, TRIM(MID(_xlpm.txt, _xlpm.firstSpace+1, 9999)), _xlpm.namePart, IF(_xlpm.posQTY>0, _xlfn.TEXTBEFORE(_xlpm.afterFirst, "(QTY"), IFERROR(_xlfn.TEXTBEFORE(_xlpm.afterFirst, "("), _xlpm.afterFirst)), TRIM(_xlpm.namePart) )} -> STEELSPORTS BOTTLE 650ML S115 (NP-21) | H724: =IFERROR( IF( AND(ISNUMBER(FIND("(",E724)), NOT(ISNUMBER(SEARCH("QTY", _xlfn.TEXTBEFORE(_xlfn.TEXTAFTER(E724,"("), ")")))) ), _xlfn.TEXTBEFORE(_xlfn.TEXTAFTER(E724,"("), ")"), LEFT(E724, FIND(" ", E724 & " ") - 1) ), "") -> NP-21 | I724: {=_xlfn.LET( _xlpm.txt, E724, _xlpm.afterQty, IFERROR(_xlfn.TEXTAFTER(_xlpm.txt, "QTY:"), ""), _xlpm.numberText, TRIM(_xlfn.TEXTBEFORE(_xlpm.afterQty, " ")), _xlpm.cleanNum, SUBSTITUTE(_xlpm.numberText, ",", ""), IF(ISNUMBER(--_xlpm.cleanNum), --_xlpm.cleanNum, "") )} -> 30924 | J724: {=_xlfn.LET( _xlpm.txt, E724, _xlpm.afterQ, IFERROR(_xlfn.TEXTAFTER(_xlpm.txt,"QTY:"), IFERROR(_xlfn.TEXTAFTER(_xlpm.txt,"QTY "), IFERROR(_xlfn.TEXTAFTER(_xlpm.txt,"(QTY"), ""))), _xlpm.token, TRIM(IF(_xlpm.afterQ="","", _xlfn.TEXTBEFORE(_xlpm.afterQ, "/"))), _xlpm.numPart, IFERROR(LEFT(_xlpm.token, FIND(" ", _xlpm.token)-1), _xlpm.token), _xlpm.cleanNum, SUBSTITUTE(_xlpm.numPart, ",",""), IF(_xlpm.cleanNum="", "", VALUE(_xlpm.cleanNum)) )} -> 30924 | K724: {=_xlfn.LET( _xlpm.txt, E724, _xlpm.afterQ, IFERROR(_xlfn.TEXTAFTER(_xlpm.txt,"QTY:"), IFERROR(_xlfn.TEXTAFTER(_xlpm.txt,"QTY "), IFERROR(_xlfn.TEXTAFTER(_xlpm.txt,"(QTY"), ""))), _xlpm.token, TRIM(IF(_xlpm.afterQ="","", _xlfn.TEXTBEFORE(_xlpm.afterQ, "/"))), _xlpm.unitRaw, UPPER(TRIM(RIGHT(_xlpm.token, LEN(_xlpm.token) - FIND("@", SUBSTITUTE(_xlpm.token," ","@", LEN(_xlpm.token)-LEN(SUBSTITUTE(_xlpm.token," ",""))))))), _xlpm.unitRaw )} -> NOS | L724: =IFERROR(_xlfn.TEXTAFTER(_xlfn.TEXTBEFORE(E724," PER"),"USD ")," ") -> 1.036 USD | M724: =IF(OR(K724="PCS",K724="PC",K724="NOS"),"PCS", IF(OR(K724="SET",K724="SETS"),"SET", IF(K724="PKT","PACK","OTHER"))) -> PCS | N724: 5497.6 | O724: KGS | P724: 497.92196 | Q724: 2737375.8 | R724: 6.0099211 | S724: 33040.142 | T724: 1002974.5 | U724: =P724+R724 -> 503.93189 | V724: =YEAR(B724) -> 2023 | W724: =IFERROR(VLOOKUP(VALUE(D724),'HSN Lookup'!$A:$B,2,0),"Unknown") -> Household Steel Items | X724: =IF(ISNUMBER(SEARCH("SCRUBBER",G724)),"Scrubber", IF(ISNUMBER(SEARCH("STRAINER",G724)),"Tea Strainer", IF(ISNUMBER(SEARCH("BASKET",G724)),"Basket", IF(ISNUMBER(SEARCH("HANGER",G724)),"Hanger", IF(ISNUMBER(SEARCH("STAND",G724)),"Cloth Stand", IF(ISNUMBER(SEARCH("SPRINKLER",G724)),"Sprinkler", IF(ISNUMBER(SEARCH("HOLDER",G724)),"Holder", IF(ISNUMBER(SEARCH("LUNCH BOX",G724)),"Lunch Box", "Other")))))))) -> Other
... A731: INNSA1 | B731: 2023-04-14 | C731: 0301049751 | D731: 73239990 | E731: STEEL TEA STRAINER BIG (SB-12) (QTY:20400 PCS/USD 1.0964 PERPCS) | G731: {=_xlfn.LET( _xlpm.txt, TRIM(E731), _xlpm.posQTY, IFERROR(FIND("(QTY", _xlpm.txt, 1), 0), _xlpm.firstSpace, FIND(" ", _xlpm.txt & " "), _xlpm.afterFirst, TRIM(MID(_xlpm.txt, _xlpm.firstSpace+1, 9999)), _xlpm.namePart, IF(_xlpm.posQTY>0, _xlfn.TEXTBEFORE(_xlpm.afterFirst, "(QTY"), IFERROR(_xlfn.TEXTBEFORE(_xlpm.afterFirst, "("), _xlpm.afterFirst)), TRIM(_xlpm.namePart) )} -> TEA STRAINER BIG (SB-12) | H731: =IFERROR( IF( AND(ISNUMBER(FIND("(",E731)), NOT(ISNUMBER(SEARCH("QTY", _xlfn.TEXTBEFORE(_xlfn.TEXTAFTER(E731,"("), ")")))) ), _xlfn.TEXTBEFORE(_xlfn.TEXTAFTER(E731,"("), ")"), LEFT(E731, FIND(" ", E731 & " ") - 1) ), "") -> SB-12 | I731: {=_xlfn.LET( _xlpm.txt, E731, _xlpm.afterQty, IFERROR(_xlfn.TEXTAFTER(_xlpm.txt, "QTY:"), ""), _xlpm.numberText, TRIM(_xlfn.TEXTBEFORE(_xlpm.afterQty, " ")), _xlpm.cleanNum, SUBSTITUTE(_xlpm.numberText, ",", ""), IF(ISNUMBER(--_xlpm.cleanNum), --_xlpm.cleanNum, "") )} -> 20400 | J731: {=_xlfn.LET( _xlpm.txt, E731, _xlpm.afterQ, IFERROR(_xlfn.TEXTAFTER(_xlpm.txt,"QTY:"), IFERROR(_xlfn.TEXTAFTER(_xlpm.txt,"QTY "), IFERROR(_xlfn.TEXTAFTER(_xlpm.txt,"(QTY"), ""))), _xlpm.token, TRIM(IF(_xlpm.afterQ="","", _xlfn.TEXTBEFORE(_xlpm.afterQ, "/"))), _xlpm.numPart, IFERROR(LEFT(_xlpm.token, FIND(" ", _xlpm.token)-1), _xlpm.token), _xlpm.cleanNum, SUBSTITUTE(_xlpm.numPart, ",",""), IF(_xlpm.cleanNum="", "", VALUE(_xlpm.cleanNum)) )} -> 20400 | K731: {=_xlfn.LET( _xlpm.txt, E731, _xlpm.afterQ, IFERROR(_xlfn.TEXTAFTER(_xlpm.txt,"QTY:"), IFERROR(_xlfn.TEXTAFTER(_xlpm.txt,"QTY "), IFERROR(_xlfn.TEXTAFTER(_xlpm.txt,"(QTY"), ""))), _xlpm.token, TRIM(IF(_xlpm.afterQ="","", _xlfn.TEXTBEFORE(_xlpm.afterQ, "/"))), _xlpm.unitRaw, UPPER(TRIM(RIGHT(_xlpm.token, LEN(_xlpm.token) - FIND("@", SUBSTITUTE(_xlpm.token," ","@", LEN(_xlpm.token)-LEN(SUBSTITUTE(_xlpm.token," ",""))))))), _xlpm.unitRaw )} -> PCS | L731: =IFERROR(_xlfn.TEXTAFTER(_xlfn.TEXTBEFORE(E731," PER"),"USD ")," ") -> 1.0964 | M731: =IF(OR(K731="PCS",K731="PC",K731="NOS"),"PCS", IF(OR(K731="SET",K731="SETS"),"SET", IF(K731="PKT","PACK","OTHER"))) -> PCS | N731: 4845 | O731: KGS | P731: 398.02564 | Q731: 1928434.2 | R731: 4.8041718 | S731: 23276.213 | T731: 706578.3 | U731: =P731+R731 -> 402.82981 | V731: =YEAR(B731) -> 2023 | W731: =IFERROR(VLOOKUP(VALUE(D731),'HSN Lookup'!$A:$B,2,0),"Unknown") -> Household Steel Items | X731: =IF(ISNUMBER(SEARCH("SCRUBBER",G731)),"Scrubber", IF(ISNUMBER(SEARCH("STRAINER",G731)),"Tea Strainer", IF(ISNUMBER(SEARCH("BASKET",G731)),"Basket", IF(ISNUMBER(SEARCH("HANGER",G731)),"Hanger", IF(ISNUMBER(SEARCH("STAND",G731)),"Cloth Stand", IF(ISNUMBER(SEARCH("SPRINKLER",G731)),"Sprinkler", IF(ISNUMBER(SEARCH("HOLDER",G731)),"Holder", IF(ISNUMBER(SEARCH("LUNCH BOX",G731)),"Lunch Box", "Other")))))))) -> Tea Strainer
